RegionName,RegionType,StateFullName,DataTypeDescription,2012-01,2012-02,2012-03,2012-04,2012-05,2012-06,2012-07,2012-08,2012-09,2012-10,2012-11,2012-12,2013-01,2013-02,2013-03,2013-04,2013-05,2013-06,2013-07,2013-08,2013-09,2013-10,2013-11,2013-12,2014-01,2014-02,2014-03,2014-04,2014-05,2014-06,2014-07,2014-08,2014-09,2014-10,2014-11,2014-12,2015-01,2015-02,2015-03,2015-04,2015-05,2015-06,2015-07,2015-08,2015-09,2015-10,2015-11,2015-12,2016-01,2016-02,2016-03,2016-04,2016-05,2016-06,2016-07,2016-08,2016-09,2016-10,2016-11,2016-12,2017-01,2017-02,2017-03,2017-04,2017-05,2017-06,2017-07,2017-08,2017-09,2017-10,2017-11,2017-12,2018-01,2018-02,2018-03,2018-04,2018-05,2018-06,2018-07
United States,Country,,All Homes,119,114,102,84,78,80,86,91,94,95,98,104,109,100,86,76,74,74,77,76,82,84,88,94,103,102,90,71,66,66,71,77,84,88,92,99,106,102,86,65,60,62,68,74,78,84,87,95,102,98,72,68,64,67,72,77,82,86,91,99,104,102,86,68,62,64,69,72,77,81,85,92,98,91,67,60,57,58,62
"New York, NY",Msa,New York,All Homes,136,126,112,86,81,86,94,106,110,111,117,124,126,120,90,74,71,76,83,85,90,89,92,96,104,103,84,68,63,69,75,83,88,92,94,97,102,101,80,67,58,60,71,80,90,91,96,98,104,99,70,63,64,69,78,87,89,91,94,98,102,94,71,60,56,64,71,78,82,82,84,92,99,78,51,55,53,58,66
"Chicago, IL",Msa,Illinois,All Homes,140,135,122,98,88,88,90,97,98,102,107,114,119,109,85,70,69,68,69,68,72,77,84,91,103,98,71,54,52,54,62,67,72,79,86,95,102,91,64,52,54,61,65,71,78,84,88,97,106,101,61,56,56,62,70,75,80,84,93,103,110,98,58,52,54,59,64,69,75,78,86,98,105,88,50,46,50,54,60
"Dallas-Fort Worth, TX",Msa,Texas,All Homes,109,99,72,66,66,66,68,70,76,81,84,89,89,73,56,53,53,55,53,54,58,66,68,74,80,68,50,46,45,43,46,49,56,64,64,70,73,51,42,41,40,42,42,44,51,57,61,67,72,62,43,45,47,49,50,50,56,62,63,70,73,64,49,46,43,46,48,47,54,56,57,64,68,46,40,37,37,40,40
"Philadelphia, PA",Msa,Pennsylvania,All Homes,132,119,103,84,83,88,96,103,104,105,111,118,120,115,88,74,72,74,81,84,90,91,92,95,104,105,98,69,60,67,76,83,88,90,96,102,110,106,87,62,56,58,67,78,85,87,90,95,100,100,72,64,64,70,78,83,84,84,86,95,100,96,70,56,55,62,67,71,75,75,75,84,92,85,59,54,53,56,62
"Houston, TX",Msa,Texas,All Homes,112,110,95,78,75,75,77,81,83,85,88,95,97,84,62,59,58,59,59,58,62,67,70,78,82,70,55,46,47,52,53,55,60,68,66,71,76,66,56,49,52,58,60,61,64,70,74,82,88,80,61,62,64,64,64,70,74,80,82,90,93,88,67,56,55,62,64,70,82,88,90,88,91,86,61,54,55,60,62
"Washington, DC",Msa,District of Columbia,All Homes,104,91,64,58,55,59,68,70,68,64,69,80,86,68,48,42,40,45,49,50,50,49,56,63,70,66,47,38,40,46,53,58,62,64,69,80,85,72,53,39,40,48,58,62,64,67,69,81,85,79,44,40,42,49,57,62,65,66,65,73,80,74,47,39,41,47,54,56,59,61,61,72,81,56,36,36,36,46,48
"Miami-Fort Lauderdale, FL",Msa,Florida,All Homes,89,74,70,74,71,69,76,71,69,65,67,70,73,62,56,62,69,70,57,54,49,52,56,62,69,64,59,62,60,62,67,70,70,70,70,74,78,72,58,59,45,58,65,62,62,64,62,68,75,70,60,64,70,76,84,86,85,84,84,86,88,86,86,82,84,86,94,97,104,103,100,98,93,89,80,79,83,89,91
"Atlanta, GA",Msa,Georgia,All Homes,97,99,82,70,72,72,82,82,82,77,84,88,89,76,57,54,56,60,59,61,64,68,70,77,83,83,62,49,52,56,58,64,69,71,74,78,82,76,58,51,57,62,62,64,69,73,82,90,92,90,62,56,54,58,63,69,75,77,81,90,95,91,65,55,53,58,62,65,70,76,78,84,86,76,56,50,49,54,54
"Boston, MA",Msa,Massachusetts,All Homes,116,111,79,60,60,66,76,83,84,78,84,94,104,94,61,48,47,50,58,62,60,62,66,79,92,69,42,41,40,44,54,64,68,68,72,83,90,92,71,39,34,40,48,60,61,61,64,78,90,86,44,40,40,47,55,63,60,57,63,80,86,76,48,38,34,40,48,55,50,49,57,71,77,56,36,30,28,34,42
"San Francisco, CA",Msa,California,All Homes,82,60,42,39,35,40,38,40,36,36,46,50,50,28,26,24,25,24,25,26,27,28,38,47,45,24,21,24,24,26,29,32,32,34,41,50,50,22,20,21,22,26,26,28,27,30,34,46,46,21,16,20,21,28,29,33,34,32,41,54,47,26,21,20,19,22,27,28,22,25,34,46,26,15,14,14,15,20,24
"Detroit, MI",Msa,Michigan,All Homes,99,96,82,75,69,64,68,69,68,75,78,83,85,78,64,60,55,52,49,48,50,58,60,63,74,77,62,55,46,46,49,55,61,66,69,78,86,87,62,48,44,48,54,56,63,70,76,81,86,83,65,56,48,50,55,57,62,68,71,80,87,84,68,54,45,44,47,48,55,60,62,71,80,78,60,46,42,44,47
"Riverside, CA",Msa,California,All Homes,92,89,80,76,76,76,76,76,73,66,63,64,70,69,60,62,57,54,52,50,48,52,54,60,69,63,54,55,55,54,54,58,62,60,62,71,78,72,60,56,54,61,61,63,64,64,65,71,79,76,61,62,62,63,64,65,66,66,67,75,83,81,65,56,52,57,61,60,60,60,61,66,71,54,50,54,52,51,54
"Phoenix, AZ",Msa,Arizona,All Homes,96,97,76,71,61,55,53,53,53,47,52,60,67,61,52,53,54,52,50,49,48,48,52,61,71,68,58,61,62,67,69,69,70,64,62,70,78,70,58,58,61,64,63,63,61,56,56,63,74,64,53,56,58,58,60,61,60,54,55,64,70,62,54,48,48,54,55,55,53,48,49,60,65,48,44,43,44,46,48
"Seattle, WA",Msa,Washington,All Homes,106,104,80,59,54,52,55,60,64,66,74,82,84,54,44,42,40,41,42,46,49,58,61,68,77,66,46,42,42,42,48,49,54,61,66,77,81,63,42,36,35,40,41,42,47,50,54,62,62,40,33,30,27,32,35,37,42,48,55,62,63,47,34,27,21,26,28,32,37,40,48,61,61,32,24,21,20,23,28
"Minneapolis-St Paul, MN",Msa,Minnesota,All Homes,116,111,84,69,63,62,69,71,74,72,70,76,82,70,54,50,48,43,43,48,56,60,63,73,84,80,54,45,44,42,48,55,58,53,60,78,100,84,46,41,42,46,50,56,56,60,66,81,89,78,41,41,40,41,48,54,56,62,68,84,91,77,47,39,37,40,46,47,51,54,62,78,87,56,37,35,30,33,36
"St. Louis, MO",Msa,Missouri,All Homes,116,104,70,72,77,80,86,92,95,100,90,96,96,98,80,74,74,76,81,80,86,85,89,94,102,104,92,68,66,63,67,77,84,91,98,104,110,104,78,52,50,66,74,77,81,82,86,96,104,98,67,58,62,64,72,75,78,82,85,92,98,96,69,58,55,57,62,65,68,70,72,84,90,84,62,59,57,55,58
"Tampa, FL",Msa,Florida,All Homes,118,115,110,92,90,85,90,88,85,84,86,90,95,82,68,69,70,70,69,67,68,69,70,72,81,80,68,68,68,60,64,70,74,75,75,78,84,78,64,58,58,64,68,68,69,68,67,67,70,65,54,58,56,58,64,66,68,68,68,70,72,67,60,55,50,55,56,57,66,65,58,60,65,54,50,48,49,54,55
"Baltimore, MD",Msa,Maryland,All Homes,131,125,109,80,75,76,84,90,92,92,96,102,109,98,77,66,60,64,69,69,69,69,72,76,89,91,74,53,49,58,67,71,76,77,80,89,98,97,82,61,50,58,66,74,76,76,79,89,97,98,68,53,52,58,64,71,76,78,79,86,90,89,64,48,48,54,61,63,69,71,71,81,89,82,52,48,47,51,56
"Denver, CO",Msa,Colorado,All Homes,118,109,70,58,54,53,56,60,62,64,70,76,76,56,46,41,39,37,40,46,50,55,57,68,78,68,44,40,39,39,41,48,54,60,67,77,83,62,41,33,33,34,35,40,42,46,50,55,66,48,35,36,33,34,38,42,48,49,54,65,75,62,45,36,27,34,38,40,44,48,56,70,69,40,33,32,27,32,35
"Portland, OR",Msa,Oregon,All Homes,103,90,78,74,69,66,70,71,76,77,82,90,93,68,56,56,51,50,52,51,60,67,78,84,93,85,60,50,42,44,48,54,61,68,74,83,88,77,50,43,37,41,41,43,47,58,60,69,80,66,41,40,33,36,38,40,48,56,64,76,82,74,50,37,33,35,40,41,49,56,62,72,78,59,43,34,34,38,41
"Charlotte, NC",Msa,North Carolina,All Homes,130,124,115,90,87,91,94,97,96,98,99,104,103,85,67,68,71,78,82,80,82,88,90,97,103,97,74,67,65,69,71,78,83,90,91,96,100,95,78,61,56,53,55,59,64,66,70,78,84,74,53,50,48,53,56,58,63,69,68,75,77,71,55,48,48,51,51,54,62,66,68,75,83,66,46,41,46,49,54
"Sacramento, CA",Msa,California,All Homes,82,83,66,62,47,48,58,65,78,66,62,61,62,40,42,45,43,34,40,41,44,48,50,58,64,50,43,39,40,42,44,48,50,50,56,68,74,62,46,40,41,43,46,48,49,55,60,66,70,50,40,40,36,41,44,46,50,56,60,67,69,60,48,38,29,36,40,40,44,46,49,58,60,36,32,32,28,34,38
"San Antonio, TX",Msa,Texas,All Homes,124,120,104,82,81,78,84,86,90,96,102,106,110,99,78,72,72,74,74,70,76,80,84,90,98,96,74,65,64,58,61,68,74,78,82,89,94,88,62,60,52,52,52,52,57,62,60,66,72,68,49,50,52,53,54,55,62,70,75,77,75,72,64,54,51,54,56,61,64,68,71,77,81,70,56,52,48,48,54
"Orlando, FL",Msa,Florida,All Homes,97,94,80,74,69,66,70,71,68,70,76,83,85,68,58,61,60,57,57,56,55,56,58,64,74,69,58,55,56,52,56,64,64,68,70,76,82,76,61,56,55,62,66,68,71,70,70,72,76,71,60,60,60,62,68,71,74,78,77,82,84,76,63,60,54,56,60,63,72,71,70,69,74,62,52,50,49,54,56
"Cincinnati, OH",Msa,Ohio,All Homes,118,117,94,81,78,84,89,96,98,97,99,105,110,96,72,69,74,78,83,83,88,85,90,96,105,108,83,67,64,63,66,72,77,82,88,93,104,103,84,63,56,61,64,70,74,77,78,88,98,96,63,58,55,56,60,64,70,72,76,84,90,86,62,55,50,49,54,57,62,68,71,78,89,84,61,50,48,48,50
"Kansas City, MO",Msa,Missouri,All Homes,119,122,99,79,74,76,81,81,86,84,85,92,92,86,77,72,65,62,64,67,73,77,83,84,92,92,78,60,56,60,66,69,74,77,82,90,94,90,63,41,48,57,63,66,71,76,78,87,98,93,64,54,54,57,61,63,68,70,72,83,93,92,64,44,44,48,49,52,55,56,62,73,83,76,50,43,41,41,43
"Columbus, OH",Msa,Ohio,All Homes,123,116,102,82,75,77,82,86,88,89,90,96,102,90,66,64,61,61,63,68,72,75,80,87,99,90,68,57,54,54,56,62,68,75,82,93,100,98,74,51,48,46,49,54,57,61,64,74,82,77,50,45,42,44,48,50,56,60,63,70,79,74,59,46,39,36,40,42,48,51,56,69,77,62,42,38,37,38,42
"Austin, TX",Msa,Texas,All Homes,108,93,64,56,54,56,62,67,70,68,74,81,85,70,46,46,47,47,48,53,58,62,61,66,76,68,48,43,41,42,42,45,52,61,60,67,68,53,48,42,43,46,47,48,55,61,62,72,74,54,39,42,41,42,46,51,60,63,65,76,75,66,50,42,42,46,54,60,67,71,73,78,84,65,47,43,43,46,49
"Virginia Beach, VA",Msa,Virginia,All Homes,109,106,111,74,71,78,89,99,104,94,95,96,99,104,97,76,76,75,79,74,76,84,86,96,105,104,91,70,68,74,81,84,88,93,98,110,112,106,96,79,66,70,80,87,92,98,102,106,109,105,89,73,70,74,80,86,91,94,99,105,107,98,75,64,63,68,70,75,79,82,86,91,100,94,72,60,56,57,62
"Nashville, TN",Msa,Tennessee,All Homes,126,120,108,84,81,82,84,89,88,88,90,97,102,96,76,66,64,64,68,68,71,75,79,84,90,88,66,56,54,52,54,64,69,67,66,74,84,76,56,43,40,42,46,48,52,54,54,60,66,60,40,42,40,43,46,49,54,54,56,66,76,70,54,48,42,45,46,46,49,52,55,60,72,66,48,44,43,44,46
"Providence, RI",Msa,Rhode Island,All Homes,126,120,105,86,85,83,90,98,101,104,108,114,120,118,100,74,62,66,76,80,86,85,93,101,112,110,87,67,62,66,71,77,84,91,94,104,109,116,110,64,48,55,64,73,83,86,92,97,103,100,74,62,55,58,65,71,74,78,83,94,101,97,58,46,44,49,56,61,62,64,70,81,92,86,59,48,40,42,48
"Milwaukee, WI",Msa,Wisconsin,All Homes,148,144,126,94,81,78,85,93,100,100,106,114,121,120,98,70,62,62,68,69,76,76,88,96,109,110,76,58,56,60,64,70,76,77,84,98,108,104,73,55,53,50,55,62,68,73,79,88,96,88,50,48,47,50,55,57,60,64,70,82,95,80,48,42,40,43,48,51,55,60,68,82,90,74,45,40,39,39,42
"Jacksonville, FL",Msa,Florida,All Homes,120,116,104,91,91,89,90,90,88,87,88,92,95,82,65,66,67,68,67,60,63,67,68,75,79,76,62,62,62,67,70,71,72,76,77,80,86,80,62,64,64,65,67,70,71,75,74,74,80,76,58,60,63,67,69,70,73,82,86,89,86,76,61,56,54,57,62,63,70,76,72,70,75,64,51,50,54,57,61
"Memphis, TN",Msa,Tennessee,All Homes,130,123,114,88,81,80,86,97,98,99,101,106,112,109,94,76,74,75,77,76,78,82,88,97,103,100,79,60,55,60,69,70,74,78,84,90,95,91,72,63,60,59,61,45,46,66,78,84,92,91,70,64,62,63,64,68,68,68,69,82,89,80,59,56,49,53,56,57,60,62,65,68,78,78,60,52,48,47,48
"Hartford, CT",Msa,Connecticut,All Homes,126,126,104,72,74,76,85,92,100,102,104,110,119,116,101,75,65,69,77,84,90,90,96,102,112,112,101,70,61,65,75,86,94,99,104,112,123,131,126,90,58,62,67,77,85,98,104,110,119,118,97,64,62,70,78,85,90,94,103,110,115,120,100,69,58,60,69,71,77,81,88,92,103,96,65,40,43,54,54
"Richmond, VA",Msa,Virginia,All Homes,103,98,76,64,63,62,70,74,68,72,79,86,91,78,61,53,53,63,68,67,69,72,74,82,84,77,46,55,57,62,68,70,74,75,82,90,94,90,74,54,52,60,62,67,71,76,76,84,86,74,55,50,54,58,64,66,65,68,76,84,87,78,55,50,49,54,58,61,64,66,69,82,88,66,45,46,44,48,49
"New Orleans, LA",Msa,Louisiana,All Homes,102,103,98,77,74,76,80,89,96,90,96,99,106,102,76,74,72,82,81,77,78,84,88,92,98,97,88,76,71,74,76,78,80,77,82,89,94,90,81,67,63,64,68,72,75,78,78,81,89,84,67,64,61,61,68,69,76,80,82,88,95,74,51,57,51,64,78,79,85,90,93,97,106,104,83,70,69,75,78
"Buffalo, NY",Msa,New York,All Homes,117,113,96,73,69,69,72,75,77,78,89,100,112,109,75,59,35,54,69,70,74,76,84,91,103,105,92,61,52,47,49,58,64,75,80,94,102,100,76,49,41,48,53,60,71,78,83,90,100,101,72,56,48,49,55,58,63,64,70,78,86,89,58,42,37,37,42,42,50,58,63,74,83,73,44,38,29,34,38
"Raleigh, NC",Msa,North Carolina,All Homes,130,111,94,79,77,80,85,87,82,82,86,97,102,86,62,60,58,62,66,68,72,74,76,83,88,89,68,57,56,56,61,66,72,78,68,70,79,82,62,46,48,50,54,56,61,60,63,74,81,65,45,42,44,47,52,54,60,62,64,76,82,68,48,47,47,50,54,61,64,64,69,80,84,51,46,46,46,48,54
"Salt Lake City, UT",Msa,Utah,All Homes,108,102,75,67,64,62,65,64,34,43,64,72,80,76,57,46,44,44,45,48,48,55,54,59,66,68,48,42,45,49,53,54,58,61,64,71,76,64,50,42,42,41,42,46,43,48,51,59,62,42,39,38,35,36,42,40,43,48,48,54,62,58,46,34,26,29,30,33,38,40,48,59,53,30,27,28,26,29,34
"Rochester, NY",Msa,New York,All Homes,112,102,70,63,64,68,71,81,81,81,86,96,97,86,64,56,54,58,63,70,76,77,79,84,92,92,73,63,57,52,57,66,70,75,70,78,90,92,76,46,40,42,50,58,61,69,76,86,96,90,56,50,47,52,56,61,64,47,55,80,84,81,57,50,38,42,48,51,58,60,63,74,84,84,63,42,36,42,43
"Grand Rapids, MI",Msa,Michigan,All Homes,137,129,121,92,82,82,85,90,92,96,99,104,109,103,88,70,61,56,62,68,72,80,90,100,113,113,108,67,50,47,55,62,67,70,83,88,100,99,76,47,42,46,53,58,63,70,76,82,95,94,62,53,48,43,48,58,66,69,74,84,90,90,65,47,42,42,49,49,54,62,65,76,87,86,57,38,36,40,46
"Tucson, AZ",Msa,Arizona,All Homes,104,98,89,82,87,86,81,81,78,70,68,73,83,80,76,75,68,69,71,72,70,67,68,75,85,87,77,75,78,76,78,80,82,80,78,83,91,88,73,71,74,72,71,74,77,71,68,75,82,78,67,68,71,72,74,77,78,70,69,70,76,74,64,54,53,64,65,64,62,57,58,69,75,66,56,55,52,54,58
"Urban Honolulu, HI",Msa,Hawaii,All Homes,83,83,68,68,68,66,65,68,75,71,75,82,84,75,63,61,60,48,54,57,59,60,59,62,69,64,55,56,56,55,55,58,64,67,67,72,76,66,56,36,41,62,61,63,66,68,72,77,80,70,57,60,62,61,62,64,68,68,68,75,78,76,61,54,55,58,60,61,64,64,63,70,75,66,50,50,57,61,62
"Fresno, CA",Msa,California,All Homes,96,74,70,57,53,46,37,45,48,41,43,50,55,41,48,54,56,46,43,40,40,48,48,56,63,46,41,48,48,46,49,48,50,54,62,64,67,52,47,43,42,46,47,47,43,44,58,66,69,48,46,44,44,50,54,51,54,57,58,64,70,66,48,41,38,46,44,46,48,45,50,64,65,43,41,38,37,40,43
"Worcester, MA",Msa,Massachusetts,All Homes,137,131,116,84,76,82,90,97,99,99,108,114,122,124,103,72,62,66,72,76,80,78,86,94,106,96,68,57,53,58,68,76,84,85,93,100,110,117,109,67,46,50,62,71,75,78,85,96,106,100,66,54,52,55,63,73,76,72,76,88,94,89,63,47,44,48,53,57,58,58,66,76,85,77,49,39,35,39,44
"Stamford, CT",Msa,Connecticut,All Homes,134,127,98,80,80,90,98,105,117,120,126,130,132,120,84,68,63,69,81,90,96,96,98,107,116,113,86,62,58,66,76,90,98,104,105,112,126,122,100,65,58,64,75,92,102,108,112,120,125,122,70,62,64,72,87,99,110,116,118,127,122,121,86,64,63,71,80,91,100,104,105,114,125,108,63,36,43,70,80
"Albuquerque, NM",Msa,New Mexico,All Homes,132,117,105,82,76,68,72,75,84,84,87,92,97,90,71,68,65,66,69,68,75,77,82,82,94,93,73,67,66,68,72,76,84,88,96,102,106,104,84,58,59,66,76,78,81,84,85,93,96,92,67,62,63,65,70,74,77,82,86,93,98,94,70,55,53,56,58,64,68,73,77,82,85,77,60,54,49,52,56
"Albany, NY",Msa,New York,All Homes,139,134,128,110,91,90,96,104,108,116,120,124,137,139,126,101,86,84,88,94,100,106,110,118,124,126,122,88,79,76,79,89,97,105,114,126,131,134,130,82,63,60,69,79,90,98,102,111,114,116,104,80,69,70,76,86,91,93,99,108,115,118,120,91,72,64,70,78,85,86,92,102,113,117,98,75,63,58,66
"Omaha, NE",Msa,Nebraska,All Homes,114,112,86,67,62,63,69,76,82,83,88,98,106,102,69,60,57,56,55,61,69,70,74,81,92,92,66,53,49,52,57,60,62,68,75,85,96,91,54,46,46,42,39,50,57,61,66,74,84,76,58,48,44,48,50,54,57,58,64,77,84,76,54,44,43,44,48,48,56,61,63,74,77,74,57,43,40,36,40
"New Haven, CT",Msa,Connecticut,All Homes,127,120,102,79,78,83,90,101,107,109,114,122,125,127,108,78,71,73,79,85,94,96,104,112,117,118,107,75,64,69,79,91,99,109,109,113,122,125,118,87,62,63,71,84,86,100,105,111,119,118,96,69,64,70,81,90,98,100,109,116,118,118,100,70,62,63,71,76,82,84,90,98,108,101,63,42,43,59,67
"Bakersfield, CA",Msa,California,All Homes,88,75,52,50,48,54,60,57,57,61,60,64,65,53,45,48,56,53,52,51,50,54,60,66,63,53,52,50,48,51,57,59,60,64,67,76,76,68,54,50,48,48,50,58,60,60,62,69,72,59,51,52,49,51,60,64,70,74,75,80,83,79,67,60,50,50,54,61,60,61,65,70,72,48,46,47,49,50,54
"Greenville, SC",Msa,South Carolina,All Homes,148,138,132,118,102,102,110,112,117,115,118,126,132,120,104,89,89,90,91,92,98,103,106,115,126,115,100,75,80,84,88,90,96,97,103,110,116,105,96,70,65,70,78,82,88,92,98,103,110,108,92,76,70,73,78,84,89,92,92,98,106,104,90,70,68,65,72,73,78,82,89,95,100,98,67,58,54,60,65
"Ventura, CA",Msa,California,All Homes,110,92,78,74,62,58,62,64,70,69,66,69,67,34,40,49,48,48,45,46,48,54,55,62,70,48,40,43,42,45,49,53,61,62,62,71,76,52,43,41,40,43,47,50,53,56,57,61,68,46,38,40,42,48,52,53,57,64,63,64,69,62,49,40,39,40,48,50,49,52,56,64,66,36,36,36,34,40,47
"Allentown, PA",Msa,Pennsylvania,All Homes,123,117,104,87,84,86,92,99,98,107,115,118,119,116,100,80,75,78,84,88,92,92,100,102,107,112,108,82,68,70,75,84,93,98,105,111,116,118,111,72,61,62,61,66,75,98,104,106,112,112,93,70,69,75,84,89,95,98,103,108,111,112,106,72,58,63,70,75,82,80,86,95,106,103,81,64,55,50,53
"El Paso, TX",Msa,Texas,All Homes,102,108,92,76,74,82,86,92,88,94,97,103,109,100,90,82,82,84,88,89,89,90,90,97,102,100,88,79,79,70,74,80,92,91,95,104,108,98,70,68,70,74,89,98,95,100,109,111,112,109,100,80,72,70,81,88,99,98,99,101,108,111,106,77,82,80,89,93,98,94,94,108,110,108,92,79,77,76,79
"Dayton, OH",Msa,Ohio,All Homes,135,130,115,87,80,82,87,92,95,96,102,110,113,106,84,72,69,70,74,76,83,87,90,98,110,110,102,69,58,54,62,74,78,81,89,93,105,106,94,68,61,62,64,72,77,80,84,86,98,94,72,68,64,64,64,68,74,78,77,85,86,86,67,50,45,50,49,48,54,60,62,68,76,70,47,44,41,42,42
"McAllen, TX",Msa,Texas,All Homes,92,88,75,71,74,60,64,66,62,69,78,87,101,98,82,74,79,90,89,76,80,81,78,82,89,91,90,78,76,77,79,79,81,81,88,90,92,88,74,71,76,72,72,71,71,74,75,85,86,72,58,70,70,69,78,80,84,85,90,98,98,92,84,80,55,56,68,77,84,92,98,114,114,112,99,85,85,90,97
"Columbia, SC",Msa,South Carolina,All Homes,139,102,83,86,95,98,104,116,118,120,122,126,128,118,101,88,90,97,101,99,100,100,104,110,110,110,104,83,78,82,88,96,102,107,111,118,116,106,96,75,75,80,86,86,89,96,103,104,101,93,76,71,69,72,76,77,82,86,90,94,98,90,78,64,66,68,70,74,81,84,85,80,81,78,72,58,61,62,59
"North Port-Sarasota-Bradenton, FL",Msa,Florida,All Homes,112,109,110,104,104,104,109,109,103,97,90,88,90,83,78,78,88,91,89,79,76,74,70,72,81,80,76,76,78,70,77,83,88,86,78,77,77,70,63,64,68,75,78,76,71,68,64,65,69,66,61,70,75,83,84,88,88,86,78,77,82,79,77,80,84,87,89,89,92,87,78,70,76,70,63,70,77,86,92
"Little Rock, AR",Msa,Arkansas,All Homes,110,110,95,82,82,80,78,82,84,90,94,106,109,106,94,80,76,81,85,84,84,88,93,101,107,108,104,87,83,74,76,78,82,85,92,101,108,88,68,72,69,68,79,80,69,66,74,84,94,96,77,76,74,74,76,82,84,86,92,98,100,98,85,70,58,56,61,65,74,78,82,89,91,88,69,60,57,62,66
"Stockton, CA",Msa,California,All Homes,78,83,67,56,34,40,66,73,80,45,44,38,48,44,46,48,42,27,34,32,39,41,38,44,49,34,34,36,34,40,35,38,42,47,54,57,62,51,43,37,40,42,39,36,41,49,50,57,58,40,37,34,34,36,36,37,41,44,49,54,57,47,43,30,22,32,31,30,34,38,40,46,50,30,26,26,26,29,33
"Charleston, SC",Msa,South Carolina,All Homes,125,103,105,86,89,92,96,105,104,102,102,107,111,98,79,76,82,90,92,88,90,95,96,98,108,105,92,72,71,77,78,82,83,65,72,77,92,98,84,71,64,64,68,76,85,91,95,104,106,94,62,60,64,71,70,71,82,90,92,102,91,74,61,65,68,76,80,85,91,92,92,96,103,92,64,63,67,72,75
"Colorado Springs, CO",Msa,Colorado,All Homes,132,112,69,55,51,56,63,68,67,70,78,92,96,75,60,60,56,60,60,60,68,77,82,86,86,77,56,52,54,57,61,70,76,81,88,91,96,77,54,43,42,42,42,48,53,59,65,70,72,54,35,39,35,37,40,49,56,63,68,74,75,56,53,45,37,38,40,39,52,58,61,62,69,31,32,28,27,27,30
"Winston-Salem, NC",Msa,North Carolina,All Homes,137,138,112,89,90,92,100,97,98,97,106,114,117,110,100,85,83,92,97,97,96,94,102,108,116,124,118,90,85,86,95,98,104,103,110,120,123,120,88,75,72,74,71,76,78,78,84,95,102,100,79,72,70,78,85,83,86,88,98,110,115,111,92,69,67,68,67,65,76,84,88,94,99,88,52,50,52,56,60
"Wichita, KS",Msa,Kansas,All Homes,110,108,76,74,72,70,76,76,81,82,84,86,92,88,80,75,68,68,69,70,77,78,82,83,91,90,70,62,60,57,62,66,68,70,73,83,91,80,63,62,50,48,58,57,56,62,69,77,86,76,58,55,54,57,61,62,64,64,64,77,79,76,64,58,54,56,54,55,56,62,70,76,83,84,62,52,49,48,46
"Springfield, MA",Msa,Massachusetts,All Homes,122,119,103,79,74,76,83,90,94,96,108,111,117,119,100,76,61,62,71,78,84,88,92,102,114,107,95,64,55,61,70,84,94,101,109,116,121,126,116,71,53,56,64,75,82,86,90,102,108,111,92,64,58,58,66,76,82,85,92,96,101,102,89,54,44,52,59,68,74,76,76,86,93,86,58,48,40,42,43
"Boise City, ID",Msa,Idaho,All Homes,102,98,100,94,81,72,76,77,73,73,81,89,98,86,68,60,56,54,54,56,62,74,80,82,92,92,72,61,54,56,67,67,70,74,86,95,104,94,66,54,53,54,61,64,70,76,85,88,85,76,49,48,44,49,54,56,59,64,69,78,86,87,64,46,41,44,44,44,47,50,57,62,64,60,45,36,33,33,35
"Toledo, OH",Msa,Ohio,All Homes,130,132,125,100,89,85,88,97,103,109,112,113,115,103,81,82,76,64,70,75,82,81,78,85,91,97,84,64,54,54,60,68,70,81,82,91,99,98,94,70,60,62,62,63,64,74,78,86,93,92,75,64,60,57,59,64,70,77,84,92,97,93,75,64,53,47,49,56,64,70,76,82,93,92,78,56,54,52,51
"Madison, WI",Msa,Wisconsin,All Homes,167,168,150,117,92,94,100,105,109,116,121,135,146,143,119,78,70,72,80,81,86,90,104,118,130,131,106,70,62,64,73,82,93,104,111,123,125,115,77,55,54,58,68,76,83,88,94,104,107,98,61,50,49,55,61,62,68,74,82,96,102,95,50,44,41,44,49,51,62,69,75,88,93,72,42,36,37,41,44
"Lakeland, FL",Msa,Florida,All Homes,109,102,94,84,86,84,88,76,77,77,82,91,97,85,75,74,74,70,74,70,68,69,70,74,84,88,76,74,72,70,71,76,82,82,84,89,94,90,78,68,64,74,81,82,77,77,78,79,79,77,65,68,68,75,82,83,78,79,80,84,86,81,75,70,60,66,70,76,83,78,75,66,69,66,58,54,54,61,64
"Ogden, UT",Msa,Utah,All Homes,102,97,64,58,61,62,68,71,71,68,70,80,92,87,58,54,53,48,52,56,62,67,70,76,84,84,58,49,54,56,61,64,66,68,72,78,85,79,59,47,49,46,47,48,47,51,55,66,68,44,41,39,36,40,44,43,48,50,52,61,70,60,49,40,34,35,38,35,42,43,46,55,59,36,30,31,28,32,34
"Daytona Beach, FL",Msa,Florida,All Homes,136,128,130,124,116,108,109,104,100,102,102,103,105,98,98,92,96,98,99,92,84,83,84,90,95,92,82,76,80,84,87,86,88,88,90,95,96,94,79,69,74,75,73,72,69,83,86,88,86,80,71,74,76,78,80,76,75,80,86,92,88,82,75,72,70,71,72,72,78,82,78,75,79,74,66,64,64,70,74
"Des Moines, IA",Msa,Iowa,All Homes,128,125,112,80,76,78,86,95,99,99,100,106,117,102,83,72,72,70,76,80,85,89,95,104,112,118,116,70,63,66,71,78,83,86,94,103,109,92,68,65,62,64,67,68,73,76,84,91,103,100,70,58,56,56,58,60,66,76,83,94,110,110,96,64,55,58,60,62,65,70,78,87,98,90,68,51,54,62,60
"Jackson, MS",Msa,Mississippi,All Homes,122,119,108,90,85,85,90,97,98,105,110,114,118,106,80,73,82,85,89,88,92,99,108,114,122,118,108,82,76,81,85,90,90,95,101,109,112,102,89,85,76,70,65,69,75,74,72,76,88,90,68,64,64,68,75,78,82,87,89,100,104,104,90,71,68,72,75,78,85,89,91,92,99,94,82,70,69,72,76
"Scranton, PA",Msa,Pennsylvania,All Homes,134,131,128,104,92,91,96,103,92,108,115,116,125,127,114,90,70,68,82,82,90,98,112,122,132,138,140,121,87,80,85,89,100,105,115,124,130,129,130,104,86,76,82,94,102,113,120,127,126,126,127,106,102,95,96,99,109,104,112,122,126,142,140,110,89,80,88,93,96,98,98,111,120,128,122,82,71,70,71
"Chattanooga, TN",Msa,Tennessee,All Homes,150,137,126,102,102,98,104,104,104,110,113,120,126,114,106,92,96,102,108,108,112,114,118,126,130,132,120,97,85,89,92,96,98,103,108,124,126,119,108,82,78,76,72,74,83,90,94,98,106,101,87,74,70,69,73,79,83,85,92,100,104,98,92,76,61,69,74,78,82,84,82,86,92,94,76,66,60,55,58
"Provo, UT",Msa,Utah,All Homes,114,110,88,76,62,60,72,80,81,75,80,88,91,76,56,46,41,45,47,48,54,59,59,62,64,61,52,45,48,51,54,55,58,63,69,77,82,72,48,46,46,42,48,44,49,55,55,61,62,50,40,42,37,35,42,44,50,56,58,62,67,60,46,33,33,26,36,39,45,50,57,70,60,47,37,35,35,38,43
"Modesto, CA",Msa,California,All Homes,80,76,66,70,61,56,66,70,68,54,56,51,55,50,44,44,37,30,36,35,36,38,42,52,54,38,40,42,42,43,44,44,46,45,50,62,69,52,42,37,42,44,41,43,49,54,55,61,62,52,43,42,37,41,42,41,43,47,50,61,66,50,41,31,29,36,36,35,41,39,44,54,60,35,34,36,33,32,34
"Durham, NC",Msa,North Carolina,All Homes,145,119,86,77,83,90,101,106,110,110,114,122,123,106,69,60,65,73,85,88,92,95,98,105,108,106,76,60,62,69,77,90,97,96,78,83,90,97,73,50,54,58,66,76,77,76,76,79,91,82,51,51,56,61,71,75,80,83,88,99,102,90,57,50,56,61,68,73,76,76,78,87,91,78,48,46,49,48,57
"Lexington, KY",Msa,Kentucky,All Homes,117,132,126,90,79,83,91,104,104,106,107,110,114,107,86,72,70,78,84,88,92,92,98,108,118,119,112,80,68,74,80,84,90,96,102,113,121,120,104,74,70,70,75,82,89,91,96,106,113,116,91,64,56,57,62,69,73,78,88,95,100,97,76,68,57,56,62,69,76,80,86,98,102,102,73,56,51,55,57
"Lansing, MI",Msa,Michigan,All Homes,131,136,124,105,87,78,84,99,102,102,107,112,114,100,81,72,69,70,75,76,80,84,90,98,111,117,110,82,64,60,63,70,78,85,91,103,110,111,98,64,56,61,68,71,76,80,90,98,106,106,92,72,60,58,58,55,62,70,73,82,91,103,76,56,47,48,50,57,62,68,70,81,89,83,54,46,40,36,42
"Pensacola, FL",Msa,Florida,All Homes,147,143,136,124,107,105,106,109,116,110,117,120,124,122,104,87,85,90,95,92,90,90,98,103,110,106,96,84,78,82,84,90,93,97,104,109,109,102,82,73,77,82,86,88,93,96,104,105,106,100,85,74,72,77,78,80,84,85,90,93,98,94,76,65,58,64,67,69,75,76,72,80,86,80,62,56,54,56,58
"Visalia, CA",Msa,California,All Homes,83,70,67,66,67,69,70,66,64,61,73,81,91,70,54,56,57,56,58,58,59,66,71,76,77,73,62,56,56,66,67,65,66,67,70,78,80,78,54,50,46,45,46,49,56,54,54,64,69,56,48,52,44,48,53,56,54,58,58,66,70,60,53,48,47,46,51,55,60,52,51,62,70,54,48,45,41,43,53
"Port St. Lucie, FL",Msa,Florida,All Homes,116,92,80,76,95,96,107,112,113,106,104,104,104,97,91,86,90,89,79,66,62,64,68,70,77,78,74,76,78,80,81,86,86,84,84,81,76,70,66,70,64,65,62,60,63,70,70,72,76,67,60,66,70,73,78,78,77,78,82,83,82,80,76,72,70,76,78,77,84,84,76,67,75,72,64,64,68,72,74
"Santa Maria-Santa Barbara, CA",Msa,California,All Homes,104,97,83,76,82,73,76,82,80,76,82,96,94,84,66,63,56,64,63,58,62,70,76,86,91,81,49,54,55,56,61,61,66,76,77,77,78,69,53,49,50,52,52,58,62,70,67,71,83,72,51,54,50,53,62,68,70,74,78,87,97,94,65,62,63,68,62,69,75,79,86,98,100,76,48,50,49,56,63
"Reading, PA",Msa,Pennsylvania,All Homes,139,130,111,84,89,90,100,106,112,116,123,130,132,130,115,92,82,78,85,88,94,102,104,100,107,106,106,89,77,76,84,90,95,99,101,113,118,118,112,82,66,68,72,78,86,96,99,102,108,113,99,73,71,76,79,88,96,97,99,112,113,107,89,68,63,66,70,76,79,84,90,102,106,106,76,52,49,52,56
"Brownsville, TX",Msa,Texas,All Homes,102,70,66,78,77,81,88,71,73,71,84,96,102,92,90,88,91,94,98,98,104,90,62,74,77,96,98,91,90,88,94,104,110,110,107,103,97,87,76,69,89,70,83,92,118,118,112,94,77,78,77,86,90,87,91,96,104,107,114,127,131,124,120,115,113,114,118,120,128,128,122,126,117,108,104,95,100,107,110
"Killeen, TX",Msa,Texas,All Homes,98,97,86,74,74,68,78,70,64,60,74,79,68,62,70,71,70,74,77,75,82,82,84,86,92,90,80,71,70,70,71,74,76,76,82,90,100,93,70,62,64,63,56,63,64,65,68,78,80,65,50,51,51,60,68,69,71,73,70,76,65,60,61,59,56,57,56,41,46,70,70,71,77,76,58,50,46,50,50
"Canton, OH",Msa,Ohio,All Homes,132,124,109,78,63,68,76,74,77,77,82,89,105,104,88,67,64,62,68,69,74,75,76,84,95,97,82,63,56,59,64,69,75,82,84,95,105,106,96,78,58,61,60,68,68,71,74,79,92,90,68,61,57,61,63,65,68,72,75,84,91,90,63,50,54,53,56,56,56,62,69,77,85,78,56,50,44,44,44
"Manchester, NH",Msa,New Hampshire,All Homes,97,101,87,72,67,64,78,92,93,89,87,94,98,93,70,63,52,52,62,68,74,76,85,90,98,94,52,49,46,48,53,63,71,84,91,92,95,91,63,43,42,47,55,61,69,74,81,92,99,90,56,44,42,49,60,68,71,68,66,84,90,88,67,47,40,42,48,51,62,70,69,76,85,72,52,40,35,38,42
"Anchorage, AK",Msa,Alaska,All Homes,88,77,73,58,49,48,54,59,64,73,82,92,109,98,70,62,64,64,66,68,78,88,89,94,95,80,54,44,44,36,48,57,62,69,77,81,80,70,39,42,48,50,53,55,62,72,81,89,86,66,49,48,53,58,66,71,80,86,95,106,104,99,85,54,53,54,59,64,70,77,88,100,100,76,50,50,55,53,58
"Peoria, IL",Msa,Illinois,All Homes,126,126,102,84,70,70,73,84,88,91,97,98,100,99,96,82,78,69,67,70,78,84,94,100,109,118,114,82,63,64,71,77,82,86,89,100,113,119,110,79,66,51,49,66,77,78,79,89,103,112,103,76,71,71,76,79,86,91,99,108,122,125,117,47,44,72,82,83,87,92,99,108,120,119,98,73,71,68,70
"Myrtle Beach, SC",Msa,South Carolina,All Homes,129,117,107,96,95,100,128,140,150,153,154,151,142,130,115,102,103,90,99,97,112,128,126,130,134,131,122,102,102,105,112,110,118,120,118,124,125,122,116,83,82,68,69,72,104,108,120,120,122,103,97,90,98,105,108,112,120,128,131,138,144,135,120,96,98,104,107,113,112,110,110,113,118,110,78,70,77,84,90
"Gulfport, MS",Msa,Mississippi,All Homes,127,97,66,83,95,90,106,111,121,125,90,78,88,100,118,111,104,107,111,108,104,107,116,126,132,134,132,124,112,110,110,104,103,96,97,107,119,126,122,93,96,96,98,91,88,72,55,61,88,116,126,99,97,104,106,108,74,68,89,118,128,136,148,153,139,131,128,126,126,126,128,136,127,127,122,112,106,100,98
"Trenton, NJ",Msa,New Jersey,All Homes,135,126,111,86,82,83,90,106,110,113,116,124,134,126,99,75,69,68,77,83,86,89,95,102,111,109,84,62,60,64,71,78,90,93,102,110,112,107,80,53,53,60,71,84,92,95,95,98,101,94,65,54,55,64,76,82,84,88,94,103,104,89,63,57,56,60,69,74,78,76,77,91,96,89,53,47,48,54,62
"Fayetteville, NC",Msa,North Carolina,All Homes,117,115,106,88,83,91,90,97,92,91,95,106,112,108,91,84,84,88,85,89,90,90,102,106,111,113,108,96,86,88,94,102,100,105,106,114,118,110,106,84,84,83,92,98,105,110,113,125,127,118,104,80,77,82,88,89,100,104,112,122,124,119,112,90,84,86,92,93,95,96,100,106,116,115,101,85,78,78,80
"Huntington, WV",Msa,West Virginia,All Homes,98,99,92,75,68,66,68,80,91,94,91,102,109,106,96,84,77,68,66,68,80,85,92,98,112,118,117,88,74,70,74,77,84,85,89,97,112,113,114,80,65,70,75,82,82,86,94,104,116,111,97,78,68,68,76,77,81,88,105,116,126,126,124,92,84,84,88,96,102,106,112,119,125,117,104,88,85,88,85
"Eugene, OR",Msa,Oregon,All Homes,106,97,92,107,96,88,88,81,88,98,109,116,123,114,68,58,63,62,70,70,80,90,102,120,126,114,78,61,46,53,67,72,85,95,110,120,117,98,68,55,50,57,58,60,67,76,83,92,92,81,54,50,48,48,53,54,58,70,81,94,104,98,58,41,39,39,44,44,53,63,70,78,84,67,50,43,38,37,42
"Rockford, IL",Msa,Illinois,All Homes,143,145,138,116,97,88,89,95,99,103,103,106,109,114,116,92,77,68,68,67,73,76,88,93,109,114,111,76,62,63,71,74,80,86,90,97,106,106,102,69,62,63,66,72,83,94,98,106,112,110,78,64,62,61,62,71,82,82,82,92,102,100,77,54,51,55,57,58,64,77,79,82,84,85,64,54,44,45,45
"Ann Arbor, MI",Msa,Michigan,All Homes,150,134,112,75,64,74,86,96,100,103,112,105,102,99,72,56,55,60,61,61,65,67,77,86,102,96,65,51,47,47,52,60,68,78,86,96,104,99,57,49,44,47,49,56,65,68,78,86,97,100,68,50,44,51,56,62,69,82,91,106,109,102,82,62,51,55,57,58,69,82,96,116,119,106,61,47,42,48,54
"Ocala, FL",Msa,Florida,All Homes,110,112,106,87,82,78,84,82,80,74,79,89,103,90,67,70,82,88,83,76,77,77,78,82,89,90,84,77,75,76,77,81,83,82,80,84,88,87,76,74,72,68,69,72,76,77,76,76,78,77,67,68,66,69,62,61,72,86,90,94,97,98,93,85,83,86,90,91,93,91,92,92,91,88,74,74,79,82,82
"Naples, FL",Msa,Florida,All Homes,130,125,132,129,128,131,137,137,140,134,112,96,97,94,98,104,113,122,127,127,111,96,84,92,92,88,80,82,88,90,97,104,106,104,91,84,83,82,77,74,75,84,86,92,91,95,78,72,77,70,65,80,90,104,118,128,131,124,106,101,100,100,105,99,107,118,118,127,136,136,125,113,84,82,83,84,91,97,102
"Roanoke, VA",Msa,Virginia,All Homes,136,137,126,92,83,85,94,96,96,98,106,111,119,104,86,84,85,86,95,98,104,104,103,110,123,128,118,69,66,76,88,101,104,109,116,120,128,120,118,87,87,82,93,105,117,130,132,138,140,139,129,96,80,84,96,106,110,112,124,134,138,138,118,84,78,84,90,97,104,105,110,118,122,124,109,87,76,76,76
"Green Bay, WI",Msa,Wisconsin,All Homes,116,137,126,96,84,88,98,110,110,113,118,124,130,128,114,86,72,72,81,84,94,102,110,125,131,131,117,75,64,64,72,80,88,102,112,125,133,134,120,71,59,53,61,78,81,83,88,98,109,107,90,68,56,52,54,64,76,86,98,108,115,118,105,60,44,48,56,63,66,74,82,98,113,109,59,46,45,44,43
"Fort Collins, CO",Msa,Colorado,All Homes,148,133,102,82,77,76,80,88,96,96,103,108,111,104,78,68,64,58,60,67,76,84,100,114,130,124,101,65,58,56,57,66,69,77,89,104,118,100,74,49,42,48,49,52,56,60,68,83,106,103,68,57,48,49,55,56,60,68,75,84,85,81,54,41,44,42,43,48,57,62,68,82,90,60,41,40,34,40,42
"Utica, NY",Msa,New York,All Homes,120,129,122,90,68,70,73,77,88,98,118,132,145,154,151,104,83,78,81,83,92,97,102,110,116,107,107,90,84,78,81,87,96,105,118,132,139,145,145,132,70,62,79,82,100,112,123,134,153,160,146,120,88,82,84,90,101,110,112,122,134,138,138,124,77,64,69,72,82,88,98,110,124,132,121,97,70,59,64
"Boulder, CO",Msa,Colorado,All Homes,138,119,86,60,60,64,72,77,88,95,106,124,130,93,50,48,47,46,49,56,64,74,82,96,94,74,44,39,40,40,47,56,60,68,79,89,90,68,40,31,34,34,36,43,54,60,67,81,105,92,50,42,37,34,41,49,56,62,67,80,82,56,40,34,30,38,42,51,56,61,74,90,89,48,34,34,34,36,42
"Erie, PA",Msa,Pennsylvania,All Homes,136,130,121,90,81,82,84,83,82,87,100,116,133,141,138,107,85,77,78,83,90,98,109,125,140,142,146,117,82,77,81,90,96,104,115,131,147,152,155,131,82,70,71,74,81,92,104,118,130,112,97,79,78,75,76,83,92,99,108,124,138,140,135,99,85,70,64,76,90,98,107,126,147,154,140,118,77,64,69
"Atlantic City, NJ",Msa,New Jersey,All Homes,138,133,132,134,83,85,92,112,140,144,148,148,152,146,136,124,119,118,119,118,123,127,130,137,142,140,136,120,106,108,111,114,118,117,122,135,138,140,128,99,94,97,107,112,119,104,104,106,114,130,135,124,108,110,118,123,136,138,140,147,148,146,143,112,104,103,107,119,117,117,117,120,127,124,107,84,88,96,101
"New London, CT",Msa,Connecticut,All Homes,142,136,130,94,87,90,96,111,118,124,133,134,134,138,128,94,81,82,90,96,102,106,112,128,135,133,128,90,77,77,86,98,108,117,120,124,132,140,136,122,76,72,79,92,99,112,122,134,133,134,124,92,77,84,85,96,106,116,126,131,132,132,119,81,70,70,78,80,86,86,99,110,114,118,45,42,63,67,74
"San Luis Obispo, CA",Msa,California,All Homes,112,96,78,71,64,58,64,69,73,77,81,91,83,76,61,60,57,64,70,64,62,68,78,90,96,82,54,50,48,54,62,70,74,80,82,86,89,70,54,48,48,54,57,67,69,76,77,81,82,70,49,49,48,56,62,64,73,72,76,84,90,87,62,47,44,52,58,65,72,78,80,86,91,79,53,49,55,58,62
"Gainesville, FL",Msa,Florida,All Homes,160,152,144,138,117,112,116,118,112,112,113,116,117,106,98,87,90,94,95,96,97,104,106,110,120,106,88,68,71,75,82,84,89,90,98,103,104,90,69,70,70,67,68,72,83,83,88,85,73,54,48,55,58,64,72,82,86,88,89,91,86,74,56,54,55,62,67,69,76,84,92,90,89,75,49,48,56,56,62
"Santa Cruz, CA",Msa,California,All Homes,92,90,60,59,51,54,64,66,69,75,82,92,81,56,40,44,42,50,51,53,56,61,60,66,70,42,42,36,39,38,42,46,56,62,60,69,65,39,40,35,34,36,43,41,43,56,64,94,100,61,30,30,35,36,42,46,51,56,64,76,71,57,36,28,30,35,39,47,48,45,56,71,71,35,27,30,29,36,36
"Clarksville, TN",Msa,Tennessee,All Homes,104,104,87,74,74,78,82,89,92,90,90,92,100,92,85,78,82,84,88,84,86,89,92,97,103,106,101,81,76,79,83,88,88,88,91,99,100,84,76,69,62,62,64,72,78,84,86,96,97,91,69,68,64,66,75,81,82,82,84,85,82,79,65,56,55,58,58,55,66,71,70,71,82,82,63,54,53,54,56
"Wilmington, NC",Msa,North Carolina,All Homes,153,131,110,94,89,98,106,119,124,117,115,112,120,112,105,88,88,94,102,102,104,102,96,100,109,110,111,87,72,74,76,75,70,60,64,85,96,92,80,64,63,74,78,78,82,84,86,71,72,56,50,70,77,83,94,103,104,106,112,124,124,107,89,70,74,77,82,90,92,97,102,112,112,110,84,64,64,66,68
"Kennewick, WA",Msa,Washington,All Homes,102,103,108,70,65,68,77,78,72,70,79,92,112,103,100,84,74,72,70,68,70,72,80,88,96,90,74,70,62,65,69,65,66,71,80,88,96,90,70,58,54,55,60,61,61,62,66,74,84,78,51,47,43,44,52,51,51,56,62,70,77,78,66,50,41,36,39,38,51,52,32,45,72,67,47,36,38,42,42
"Greeley, CO",Msa,Colorado,All Homes,112,109,80,64,56,60,66,68,76,77,80,82,85,69,57,56,53,49,49,55,62,68,74,76,85,74,56,46,42,44,42,47,51,55,60,71,80,52,40,33,37,40,41,40,47,50,52,61,67,61,38,36,35,37,40,42,47,48,50,56,60,50,40,36,35,36,38,42,48,47,54,60,68,51,36,36,38,42,44
"Lynchburg, VA",Msa,Virginia,All Homes,104,97,91,75,74,72,80,84,88,84,90,100,112,112,94,78,75,80,84,86,86,89,92,103,110,110,97,71,69,76,82,90,98,103,111,118,118,108,102,75,70,75,89,96,99,104,112,122,126,133,119,84,76,82,85,96,102,105,111,119,122,124,124,84,75,76,72,65,74,81,93,103,107,110,81,64,56,60,69
"Binghamton, NY",Msa,New York,All Homes,120,122,120,99,88,78,84,85,91,92,104,113,123,120,118,94,88,80,82,84,94,101,108,111,125,117,130,89,76,76,83,90,96,108,111,120,127,134,140,128,80,68,76,86,95,102,115,124,135,130,121,85,71,70,78,88,98,108,118,120,122,127,123,89,67,64,69,76,88,91,94,104,112,110,104,72,68,61,62
"Hagerstown, MD",Msa,Maryland,All Homes,138,126,112,79,76,86,93,98,100,100,98,104,113,110,94,72,67,68,76,75,77,84,90,89,99,99,94,65,61,68,74,82,91,95,104,112,122,116,109,71,63,69,83,90,95,92,97,105,112,118,99,80,67,69,74,81,88,94,92,102,108,111,88,58,56,66,72,74,75,72,76,90,98,97,64,60,54,56,64
"Laredo, TX",Msa,Texas,All Homes,88,61,56,60,49,36,46,53,58,65,64,69,77,62,56,62,54,58,56,48,52,38,44,66,79,47,49,50,53,48,53,54,51,49,56,65,68,34,38,47,60,68,63,54,50,57,48,54,60,50,58,65,60,65,64,56,61,56,55,66,81,80,84,70,61,62,64,64,63,66,66,84,90,85,78,65,55,61,58
"Yakima, WA",Msa,Washington,All Homes,117,123,110,86,68,66,71,73,84,92,96,104,109,74,61,68,60,61,69,68,74,78,94,102,110,104,80,70,68,70,71,74,82,86,90,99,110,104,86,55,57,65,70,70,77,88,93,100,106,98,71,58,29,42,72,77,84,86,99,104,124,120,105,66,47,45,50,51,52,64,70,88,90,94,63,53,48,50,59
"Champaign-Urbana, IL",Msa,Illinois,All Homes,161,160,153,128,100,94,98,104,113,123,132,138,141,135,117,98,82,84,90,92,101,112,118,130,141,138,128,83,66,68,75,86,93,100,113,125,138,140,136,89,71,72,75,80,85,93,104,111,117,108,78,68,65,61,79,83,94,98,110,124,132,113,91,65,65,73,80,83,88,94,106,124,132,135,114,77,71,70,72
"College Station, TX",Msa,Texas,All Homes,99,85,58,56,62,71,80,85,94,94,104,116,118,91,62,61,67,70,78,75,86,88,94,96,90,52,43,48,55,60,76,82,86,86,92,95,84,66,48,43,54,53,53,56,61,64,76,91,78,43,45,46,42,52,58,63,70,72,72,75,84,56,45,56,56,65,71,78,86,90,97,97,96,82,55,48,58,64,71
"Chico, CA",Msa,California,All Homes,94,97,90,78,62,58,64,68,66,68,80,89,96,86,59,50,40,48,46,49,56,66,74,74,77,71,48,50,51,53,56,52,62,62,67,77,87,77,54,39,42,53,52,54,60,70,72,81,89,72,50,56,52,60,62,57,64,66,60,72,81,103,91,43,42,47,56,56,57,70,80,92,71,48,34,42,42,43,48
"Claremont, NH",Msa,New Hampshire,All Homes,135,125,124,112,88,88,92,105,110,116,124,122,132,142,134,120,99,88,91,103,113,126,136,147,154,160,125,73,77,76,84,94,105,117,130,143,154,153,130,96,79,84,88,97,112,130,148,163,165,173,159,136,108,96,102,106,122,133,145,156,162,175,177,162,117,106,102,109,123,137,149,158,163,156,142,112,88,73,70
"Cape Cod, MA",Msa,Massachusetts,All Homes,153,156,146,114,98,98,110,121,127,126,134,138,138,144,140,110,94,94,103,106,102,97,102,116,130,134,126,90,84,77,84,96,106,112,116,122,134,132,124,85,71,69,75,92,100,108,116,130,142,144,132,84,78,83,92,100,111,112,114,130,138,142,126,84,74,75,87,95,94,88,96,109,123,128,121,70,58,63,62
"Springfield, IL",Msa,Illinois,All Homes,101,104,85,69,70,70,75,71,72,81,90,88,106,102,80,66,58,64,74,68,72,81,90,98,111,120,101,71,64,62,64,71,75,83,83,90,100,106,95,65,53,46,37,60,77,75,78,92,92,92,68,64,54,54,56,64,78,82,82,90,98,103,78,51,46,51,53,56,66,74,77,83,89,92,47,46,58,55,58
"Tyler, TX",Msa,Texas,All Homes,124,117,93,71,70,69,76,80,85,89,91,102,110,90,72,74,82,88,92,91,94,96,100,112,118,106,86,68,60,68,73,68,74,84,94,102,111,104,90,71,68,61,64,69,72,76,79,83,88,80,59,60,62,62,62,67,76,81,86,90,90,84,72,59,48,54,66,76,84,90,90,94,101,97,67,62,63,64,71
"Las Cruces, NM",Msa,New Mexico,All Homes,166,172,160,162,164,147,140,137,130,130,134,137,147,148,134,131,123,128,139,132,138,135,138,142,140,133,124,102,97,97,118,122,127,137,134,133,134,132,126,96,90,92,90,96,94,102,103,85,91,100,98,122,108,99,100,97,103,105,111,122,124,130,139,100,91,92,94,98,94,98,102,112,118,110,83,74,78,78,84
"Fargo, ND",Msa,North Dakota,All Homes,96,97,82,67,56,55,64,74,71,61,68,84,103,107,74,54,47,41,41,49,48,51,62,76,99,104,61,53,46,46,52,46,54,69,69,75,84,88,54,48,44,39,47,42,50,56,61,61,57,68,48,42,41,43,50,50,54,56,68,84,91,74,43,40,42,52,56,56,61,68,79,96,105,88,59,45,39,43,50
"Houma, LA",Msa,Louisiana,All Homes,104,104,90,79,74,70,77,77,77,80,84,90,102,99,96,74,71,75,82,88,92,88,43,54,68,98,108,93,92,88,87,87,87,85,82,84,88,87,73,69,78,90,86,73,70,74,86,91,94,86,76,82,87,96,86,75,70,71,85,78,81,77,98,95,102,101,105,110,120,122,118,122,124,126,122,118,100,92,91
"Rochester, MN",Msa,Minnesota,All Homes,115,118,78,66,69,76,82,86,78,75,76,82,92,88,64,56,57,56,60,62,67,74,80,90,106,106,70,50,49,54,62,64,68,64,72,82,109,102,60,46,50,58,63,66,64,71,74,84,90,86,43,44,44,34,54,70,70,70,76,86,91,86,56,34,37,44,52,54,54,58,71,83,88,83,46,37,40,38,40
"Florence, SC",Msa,South Carolina,All Homes,138,132,122,97,102,93,92,98,98,106,103,111,111,105,102,99,107,110,110,106,113,118,122,130,145,137,135,95,99,101,98,94,98,106,113,131,134,128,124,88,92,95,103,103,96,93,100,99,106,115,105,89,84,87,85,97,104,111,118,125,129,127,117,84,78,80,78,83,94,102,104,108,111,109,100,86,83,72,77
"Lake Havasu City, AZ",Msa,Arizona,All Homes,106,110,107,100,83,84,93,104,94,85,88,96,105,102,104,99,97,98,99,102,100,96,87,87,98,99,91,84,90,90,94,94,96,91,89,96,101,102,70,76,78,96,105,106,104,101,99,102,103,100,91,84,82,85,88,96,98,96,91,92,98,100,103,91,91,84,86,88,90,86,82,80,80,46,63,69,76,78,69
"Yuma, AZ",Msa,Arizona,All Homes,78,89,88,78,48,54,69,73,80,76,61,66,76,73,64,76,90,82,67,63,69,53,47,63,77,76,67,67,74,69,70,74,74,70,76,86,87,88,80,60,68,66,63,66,69,66,68,75,84,70,60,68,56,56,78,78,76,72,75,78,86,82,80,78,77,78,74,71,80,83,69,67,79,90,79,70,71,70,76
"Athens, GA",Msa,Georgia,All Homes,168,160,149,130,116,118,124,124,118,119,121,118,129,122,115,94,91,91,101,104,112,117,112,117,116,112,106,81,80,85,101,104,104,105,103,112,113,106,74,70,70,82,90,98,100,112,116,122,120,102,68,65,66,68,78,84,90,96,110,112,104,88,69,64,70,74,76,77,80,84,86,98,98,66,46,50,49,54,60
"Torrington, CT",Msa,Connecticut,All Homes,164,155,144,111,91,100,111,124,134,146,159,164,168,168,168,142,99,92,97,110,120,125,136,148,162,168,169,136,92,86,99,112,126,132,136,140,150,154,158,147,102,84,85,100,113,130,140,154,164,166,154,119,91,89,100,107,118,130,137,150,157,160,154,119,86,83,94,98,112,119,126,136,154,155,147,114,78,82,54
"St. Cloud, MN",Msa,Minnesota,All Homes,150,141,121,85,72,69,72,81,90,89,84,96,102,104,81,40,52,62,69,74,80,87,86,94,99,95,67,66,56,59,70,78,86,74,84,98,112,118,80,57,60,70,77,88,82,86,88,104,112,113,85,65,61,64,72,81,84,90,96,106,110,108,63,56,54,52,63,72,71,78,87,105,110,96,56,56,49,42,47
"Hilton Head Island, SC",Msa,South Carolina,All Homes,144,152,146,154,139,134,150,146,152,160,160,162,164,150,140,130,123,132,137,108,106,107,114,134,126,126,120,106,98,106,116,124,129,127,123,129,133,127,110,100,79,86,86,98,103,106,114,139,143,142,103,94,97,104,117,134,143,151,163,171,170,162,141,102,98,102,111,118,128,127,124,132,138,124,114,83,82,88,96
"Panama City, FL",Msa,Florida,All Homes,131,128,128,96,84,91,94,101,86,78,80,106,116,112,104,92,102,102,105,95,96,98,106,118,119,117,106,90,87,89,92,91,96,98,104,113,118,110,98,82,76,73,75,77,89,90,105,110,118,108,97,83,82,89,98,102,113,112,118,123,124,119,113,90,82,84,91,98,103,97,98,104,100,96,78,70,70,80,86
"Kingston, NY",Msa,New York,All Homes,102,105,108,124,114,100,100,112,118,125,134,138,146,158,161,136,110,104,105,115,125,131,137,148,160,162,157,129,95,80,89,99,110,124,132,148,156,159,164,111,82,77,93,109,116,126,136,149,160,160,157,138,103,89,94,104,118,127,138,147,152,145,132,100,78,70,74,89,94,98,112,127,136,144,140,106,62,58,65
"Daphne, AL",Msa,Alabama,All Homes,101,95,93,88,91,100,118,119,118,116,111,118,124,127,123,120,102,102,104,104,109,115,118,124,129,121,114,91,85,72,81,84,104,116,119,125,120,110,88,82,80,90,99,105,112,118,117,122,120,112,91,78,82,89,96,99,106,108,111,118,124,114,96,73,41,58,84,90,73,68,65,74,103,103,88,62,62,68,80
"Blacksburg, VA",Msa,Virginia,All Homes,118,109,88,69,68,75,89,96,100,94,104,114,110,98,78,68,67,73,78,86,92,92,88,100,117,112,86,69,69,74,83,96,97,97,98,104,107,99,84,68,62,69,73,78,86,93,97,113,100,99,65,56,52,69,82,89,89,99,104,100,100,104,88,66,57,57,70,72,78,86,94,102,103,97,75,66,56,57,61
"Jacksonville, NC",Msa,North Carolina,All Homes,88,94,79,62,55,62,88,103,107,98,98,92,104,98,99,90,89,96,103,108,110,110,78,60,67,84,78,100,100,102,111,116,107,99,101,109,118,107,98,83,84,87,89,88,88,96,100,106,116,110,105,84,76,85,96,105,104,104,110,122,128,120,105,85,85,87,95,96,98,92,91,104,103,90,68,62,58,64,62
"Waterloo, IA",Msa,Iowa,All Homes,153,103,70,58,55,57,66,66,78,80,81,98,102,78,56,42,53,50,54,54,61,70,78,86,93,100,95,55,46,48,54,58,63,69,76,86,98,96,64,58,52,54,62,63,69,76,83,92,98,104,72,58,53,53,62,71,78,76,77,91,108,109,89,65,55,62,70,72,46,48,64,88,95,94,80,61,56,55,57
"Oshkosh, WI",Msa,Wisconsin,All Homes,126,145,134,95,84,88,95,102,108,105,109,120,137,132,128,86,82,76,76,76,92,92,100,114,131,140,142,103,74,71,78,84,93,96,100,116,128,131,114,66,57,64,76,87,91,91,90,102,114,114,85,64,56,56,61,69,77,82,85,99,98,94,66,52,47,48,54,57,64,62,63,78,96,88,46,42,50,48,10
"Yuba City, CA",Msa,California,All Homes,86,85,66,66,55,49,51,59,55,63,68,64,50,40,40,34,33,34,35,50,57,44,46,54,58,34,41,34,40,44,46,40,41,48,54,62,59,50,41,36,42,42,43,49,48,50,48,48,56,52,41,38,34,36,40,47,52,54,63,55,50,42,48,40,37,33,37,36,43,48,49,61,70,53,43,39,34,37,30
"Dover, DE",Msa,Delaware,All Homes,95,90,91,89,112,113,117,120,138,124,125,130,134,102,73,78,81,82,95,100,100,109,114,90,97,98,102,92,86,88,91,98,100,103,106,113,124,127,129,100,81,68,64,72,85,87,94,107,114,112,103,78,78,72,77,85,100,100,100,110,118,121,112,81,85,84,92,97,97,94,91,108,117,118,106,85,79,70,74
"Eau Claire, WI",Msa,Wisconsin,All Homes,148,149,134,111,82,87,97,113,119,114,117,116,98,94,73,88,82,79,92,96,102,105,118,128,137,131,113,78,77,75,81,82,90,92,102,121,120,119,78,55,52,59,70,78,78,88,97,113,126,120,98,68,61,62,70,75,76,77,85,100,113,108,75,48,48,51,54,62,68,73,85,102,110,88,43,42,47,46,34
"Janesville, WI",Msa,Wisconsin,All Homes,148,145,126,106,84,99,106,112,116,116,117,128,138,146,143,110,77,77,82,86,94,104,108,118,132,143,147,119,77,71,77,82,92,99,111,122,128,128,103,63,60,67,75,80,82,83,92,96,106,111,79,54,48,51,56,61,66,71,79,86,90,86,57,48,41,43,48,54,54,54,56,72,85,84,52,40,34,35,36
"Jackson, MI",Msa,Michigan,All Homes,117,126,119,97,88,90,100,106,109,110,110,114,120,118,112,101,91,78,82,78,85,90,98,104,109,112,118,96,70,67,74,84,91,97,104,118,126,118,115,86,62,61,68,80,65,64,86,107,120,126,114,79,72,70,75,76,85,95,106,122,126,119,112,76,76,72,66,65,70,75,85,96,106,103,90,63,55,50,51
"Pueblo, CO",Msa,Colorado,All Homes,126,119,110,75,62,74,76,74,70,70,79,94,95,90,76,74,72,70,71,76,78,83,85,93,97,104,91,76,70,68,75,80,76,77,85,97,102,100,75,66,62,58,57,57,49,52,68,77,86,79,69,62,48,44,53,51,60,69,70,70,80,94,75,47,38,42,38,41,50,56,64,72,79,60,55,56,39,44,47
"Bowling Green, KY",Msa,Kentucky,All Homes,126,126,125,98,84,76,85,95,98,105,104,100,96,91,101,90,89,88,84,82,82,82,88,96,104,108,111,84,71,68,76,80,82,88,97,110,118,121,119,74,62,64,60,60,69,82,84,94,103,103,47,52,57,61,69,72,76,78,86,90,93,91,71,62,61,53,58,63,71,72,78,80,90,91,72,63,63,56,60
"Vineland, NJ",Msa,New Jersey,All Homes,138,138,132,114,96,105,113,124,135,126,132,148,148,159,154,136,107,104,112,119,135,133,133,143,145,142,139,132,116,119,118,118,126,120,121,125,128,128,117,94,90,71,68,82,92,92,92,92,108,104,96,90,94,102,104,105,112,113,112,121,118,112,109,95,90,96,96,100,98,101,104,115,120,114,101,92,82,82,84
"Monroe, MI",Msa,Michigan,All Homes,161,158,120,110,82,82,86,103,112,116,108,108,125,119,120,122,109,101,112,115,118,133,132,138,142,150,146,140,99,80,78,90,98,106,123,133,142,147,138,105,74,78,47,58,76,83,90,121,134,130,117,90,86,84,80,78,85,106,121,133,138,142,140,96,88,80,80,80,87,88,92,104,111,125,124,121,98,86,70
"Burlington, NC",Msa,North Carolina,All Homes,147,136,130,114,118,110,112,124,116,130,133,128,132,130,110,95,85,94,99,103,106,104,112,122,130,124,109,91,86,91,98,102,112,106,108,117,124,119,108,81,78,74,70,68,71,76,82,80,109,107,103,82,64,65,74,72,75,75,82,84,96,101,106,66,54,48,48,58,68,81,92,95,102,97,66,60,50,49,56
"Madera, CA",Msa,California,All Homes,96,97,90,75,69,89,94,112,114,104,102,112,103,86,56,44,55,74,90,99,90,82,84,92,102,106,100,67,59,63,69,86,90,90,85,89,92,97,79,62,64,68,71,76,81,84,82,96,110,114,89,58,66,70,78,82,88,90,89,95,90,90,89,58,50,54,65,68,74,70,75,78,84,82,61,52,61,68,66
"Chambersburg, PA",Msa,Pennsylvania,All Homes,131,123,114,90,90,93,105,116,109,98,90,107,120,120,121,95,93,91,99,98,96,90,91,95,106,108,107,81,71,76,90,96,104,113,112,119,118,122,124,95,86,77,85,89,98,102,108,118,124,127,114,83,76,82,92,99,100,99,103,115,120,124,121,76,69,72,84,96,92,91,93,106,112,110,86,67,53,62,72
"Florence, AL",Msa,Alabama,All Homes,111,99,74,82,79,80,97,98,106,108,96,98,104,94,68,82,82,80,73,76,83,88,88,89,97,103,83,79,79,84,89,90,98,94,98,109,118,118,118,85,78,78,81,80,84,90,92,98,103,98,79,72,72,76,78,85,84,91,88,98,105,100,103,96,59,60,83,85,90,91,92,97,112,112,106,85,78,77,84
"Concord, NH",Msa,New Hampshire,All Homes,132,132,115,84,74,76,86,101,96,98,101,107,131,133,122,84,64,68,83,94,104,111,116,126,138,140,113,67,54,60,69,76,89,99,111,119,125,124,105,64,54,60,69,78,89,100,111,119,118,111,74,60,59,67,78,81,91,90,97,108,116,120,89,52,47,47,60,67,74,84,92,105,105,116,87,48,41,41,47
"Dothan, AL",Msa,Alabama,All Homes,116,99,89,88,96,96,96,92,90,95,98,108,118,119,120,117,107,99,102,98,106,106,110,118,123,126,122,112,93,92,91,98,104,104,108,118,125,124,118,102,108,111,112,113,112,120,119,130,140,140,132,110,106,104,104,104,105,108,111,116,126,122,114,88,91,92,102,105,112,112,111,118,120,113,105,92,90,88,84
"Santa Fe, NM",Msa,New Mexico,All Homes,163,158,151,142,117,106,108,112,103,109,122,132,140,164,160,132,100,94,92,88,94,106,118,136,155,161,158,96,70,71,91,98,115,126,140,143,154,158,152,114,80,78,96,108,121,136,146,151,162,158,149,126,88,83,89,96,107,119,132,154,164,166,163,112,89,82,85,89,104,111,118,133,152,157,145,94,78,74,72
"Johnstown, PA",Msa,Pennsylvania,All Homes,109,119,109,99,85,81,78,77,89,90,94,105,122,124,124,104,76,70,80,80,89,91,107,117,122,140,150,130,86,76,82,90,102,105,98,103,110,119,126,134,87,84,84,95,97,98,106,112,119,120,125,120,99,98,98,98,102,114,120,127,134,132,132,93,81,80,88,91,100,108,114,127,142,149,146,127,78,66,68
"Traverse City, MI",Msa,Michigan,All Homes,200,204,204,202,185,133,124,127,138,154,168,171,174,182,180,152,96,76,97,106,124,143,155,164,176,183,169,154,106,84,85,96,113,128,143,154,168,174,178,126,78,71,82,92,90,112,128,135,146,173,170,142,88,83,89,103,118,131,142,160,171,179,177,108,65,68,78,89,101,117,138,160,177,188,166,165,97,64,68
"Homosassa Springs, FL",Msa,Florida,All Homes,154,138,142,146,139,136,140,134,132,122,120,120,123,118,112,110,106,110,110,110,108,103,104,104,106,105,110,100,103,104,102,92,93,95,96,97,96,97,88,77,61,69,84,106,106,104,100,96,98,95,92,90,90,98,98,89,85,85,93,95,96,93,83,78,82,84,88,84,84,84,85,79,83,80,78,76,83,82,84
"Auburn, AL",Msa,Alabama,All Homes,116,113,94,84,96,99,101,90,82,87,98,112,109,98,82,86,90,90,96,99,98,103,108,113,120,110,107,88,84,88,88,96,103,101,106,112,109,100,96,82,80,74,68,58,54,66,88,113,107,95,71,70,63,63,76,92,103,98,94,90,93,80,70,64,68,71,78,83,84,89,90,102,99,73,62,58,64,64,64
"Coeur d'Alene, ID",Msa,Idaho,All Homes,161,146,51,40,68,84,88,89,95,103,95,104,116,110,76,60,60,68,75,82,90,98,112,125,118,104,84,77,65,66,74,86,96,106,116,118,118,111,79,53,56,65,75,82,92,99,105,119,114,94,55,54,54,56,68,82,90,98,102,124,123,110,96,59,51,51,53,57,69,76,89,96,104,95,57,47,43,45,52
"Vero Beach, FL",Msa,Florida,All Homes,132,124,124,128,124,119,117,116,118,109,104,99,105,98,96,86,97,111,110,111,103,82,77,85,96,96,97,94,97,106,111,108,107,98,90,90,91,87,77,83,78,84,61,63,70,81,82,83,87,80,74,76,78,81,88,100,92,93,84,84,84,85,86,77,77,77,85,92,102,100,85,75,75,72,68,76,82,88,90
"Napa, CA",Msa,California,All Homes,109,89,70,70,67,62,69,74,83,83,86,85,86,73,48,42,44,48,49,52,60,41,48,73,74,63,52,41,43,54,56,63,64,66,72,80,90,82,46,43,38,48,55,59,52,57,62,71,78,78,55,42,45,50,54,52,59,66,76,90,91,70,56,42,41,46,41,44,48,58,60,72,77,57,28,35,33,42,46
"Battle Creek, MI",Msa,Michigan,All Homes,77,69,86,104,94,86,86,97,106,112,114,116,118,118,106,87,86,84,73,77,83,87,91,97,105,112,108,95,72,57,61,69,78,82,92,96,113,115,104,69,57,60,68,70,76,84,87,96,105,110,93,74,67,65,66,64,75,78,89,85,96,98,76,57,44,48,46,49,58,67,74,82,88,95,76,42,37,44,45
"Flagstaff, AZ",Msa,Arizona,All Homes,130,113,86,86,88,85,91,104,116,128,145,159,142,120,76,64,64,68,83,90,103,112,110,115,118,132,132,84,73,72,76,84,98,109,126,135,147,140,110,61,54,66,73,100,116,130,138,155,160,157,125,76,67,65,69,89,110,120,138,153,152,154,134,66,63,68,74,89,100,111,120,114,124,117,109,68,64,65,72
"La Crosse, WI",Msa,Wisconsin,All Homes,132,121,116,92,77,80,86,90,84,82,92,103,103,94,70,64,57,57,64,68,77,81,77,86,104,113,102,61,54,58,68,69,69,72,82,98,111,108,74,50,46,48,54,62,64,76,76,82,92,103,71,54,45,46,51,50,56,62,70,85,100,105,82,46,40,48,49,48,54,57,60,74,83,90,61,47,34,41,44
"Sierra Vista, AZ",Msa,Arizona,All Homes,125,123,124,115,103,105,104,110,116,111,105,104,102,94,96,90,88,92,103,110,115,117,125,132,132,96,90,84,106,112,114,118,119,118,114,118,122,128,119,116,96,98,97,104,110,117,121,119,128,124,128,122,112,110,98,94,100,101,103,105,116,117,114,98,92,92,95,93,96,94,97,104,104,100,101,93,96,87,78
"Lawton, OK",Msa,Oklahoma,All Homes,100,96,82,71,63,64,72,76,76,68,75,81,89,94,94,76,70,66,61,67,78,83,95,98,90,90,95,91,78,78,82,84,84,84,90,102,108,109,80,64,73,83,97,94,91,89,91,99,105,105,95,78,69,72,87,92,94,95,99,91,94,100,98,85,76,76,71,78,83,89,94,105,103,106,98,94,79,78,82
"Farmington, NM",Msa,New Mexico,All Homes,111,112,92,70,66,67,71,68,70,74,81,88,78,75,65,72,77,76,66,66,74,78,84,93,98,108,81,80,78,85,89,90,86,89,94,115,114,116,117,81,79,84,83,72,77,90,92,102,98,88,77,72,74,80,87,91,92,102,106,116,125,114,104,90,84,73,70,68,63,64,73,88,120,126,123,92,86,84,62
"Morgantown, WV",Msa,West Virginia,All Homes,139,116,90,79,81,87,98,103,104,113,121,126,139,135,124,74,72,84,93,95,104,110,126,130,141,142,124,77,70,71,79,91,100,109,115,119,130,129,127,104,69,72,83,86,98,101,111,118,119,125,113,79,72,85,93,104,110,108,118,130,138,137,126,85,78,78,79,82,94,104,113,133,141,125,99,70,70,76,79
"Winchester, VA",Msa,Virginia,All Homes,118,104,93,68,68,78,78,86,91,96,104,105,102,94,84,79,71,62,62,64,62,57,62,71,75,84,91,64,62,62,74,86,96,100,109,112,120,126,107,69,61,69,86,97,99,92,105,124,124,123,111,76,74,70,78,87,92,97,100,102,114,111,111,76,71,78,82,88,92,88,83,90,100,102,83,72,64,60,60
"St. Joseph, MO",Msa,Missouri,All Homes,114,110,98,88,85,88,92,102,107,105,103,114,124,126,134,110,89,84,86,81,83,89,97,106,119,130,132,106,95,84,80,83,92,106,108,120,129,114,102,77,76,74,79,84,92,97,105,90,88,90,98,82,70,74,85,89,87,83,83,98,103,113,105,81,69,64,59,58,68,83,92,104,107,112,101,78,66,56,58
"Altoona, PA",Msa,Pennsylvania,All Homes,113,117,104,69,74,70,74,69,78,74,93,98,98,85,64,76,76,74,76,76,83,89,100,104,112,121,124,95,71,73,78,78,83,88,91,97,120,124,122,85,69,62,67,76,84,89,99,101,109,104,90,80,77,83,82,78,76,78,80,96,105,111,104,74,66,64,66,79,84,87,93,96,110,118,116,111,80,63,48
"New Bern, NC",Msa,North Carolina,All Homes,158,144,131,121,105,81,113,123,101,105,111,117,139,147,135,120,110,112,116,122,131,136,139,146,158,158,152,130,114,119,126,135,139,145,148,155,158,154,131,93,66,72,84,96,128,154,155,162,167,160,144,130,110,108,114,125,131,136,145,142,148,148,136,119,98,104,113,113,110,110,108,119,131,134,131,86,63,74,87
"Logan, UT",Msa,Utah,All Homes,96,92,70,50,55,57,64,75,80,70,80,81,71,68,71,69,56,56,62,68,65,60,68,87,96,60,54,53,53,58,75,82,85,83,84,97,112,114,90,52,56,57,56,56,61,68,77,82,73,65,49,46,37,39,50,43,48,65,63,68,81,86,62,47,35,37,50,44,49,41,56,61,60,62,47,40,37,31,32
"Beckley, WV",Msa,West Virginia,All Homes,92,98,93,71,55,63,74,75,70,75,91,106,117,94,83,82,76,62,62,68,72,83,84,94,110,114,113,88,76,68,77,83,94,101,112,119,126,124,114,85,67,67,77,91,106,118,125,130,126,130,124,95,85,88,93,98,110,110,116,130,146,140,132,95,92,88,91,93,98,110,116,129,136,130,126,111,100,84,81
"Mansfield, OH",Msa,Ohio,All Homes,122,131,125,90,88,76,82,74,74,77,88,97,108,106,89,77,66,62,65,68,78,78,88,101,118,128,129,95,65,62,62,39,40,64,87,99,114,128,128,78,54,52,74,71,69,82,86,98,102,100,83,72,68,62,67,70,78,84,89,98,102,96,68,50,50,44,48,56,54,52,58,70,78,66,55,58,36,40,43
"Goldsboro, NC",Msa,North Carolina,All Homes,127,124,114,89,96,92,98,83,84,89,104,118,112,108,100,90,91,96,102,96,93,104,106,116,125,128,130,118,108,98,98,102,106,104,104,104,108,108,98,90,90,91,96,96,90,94,102,108,104,100,100,92,56,62,86,106,106,105,116,120,126,128,117,90,98,98,103,98,94,96,94,102,103,98,99,84,83,74,84
"Augusta, ME",Msa,Maine,All Homes,155,164,158,117,78,77,96,109,119,130,143,150,132,124,110,94,97,91,91,95,102,109,120,138,156,168,168,154,85,74,81,92,104,120,134,147,162,166,172,137,98,80,80,92,110,120,132,146,160,163,169,155,122,93,94,106,118,126,138,149,150,164,173,154,88,64,74,79,92,102,118,131,140,156,162,117,58,54,47
"Jonesboro, AR",Msa,Arkansas,All Homes,118,110,57,67,74,92,84,75,84,81,78,89,108,111,102,82,78,77,79,75,74,86,90,94,96,98,98,80,65,67,75,81,78,77,82,92,97,96,76,78,68,68,65,78,71,74,78,90,104,106,96,78,66,70,82,94,102,108,108,111,112,103,102,92,70,68,79,79,74,82,90,92,100,94,92,76,70,70,71
"Sherman, TX",Msa,Texas,All Homes,130,126,118,97,94,98,98,103,98,99,110,119,123,118,97,82,88,96,97,96,98,105,107,121,119,110,83,77,76,75,81,90,100,102,103,103,104,104,93,78,72,80,78,70,76,86,93,104,104,100,79,77,73,71,71,76,86,91,94,102,109,116,91,62,61,62,62,61,70,70,76,82,90,78,67,60,50,47,10
"Mount Vernon, WA",Msa,Washington,All Homes,147,147,138,110,88,79,79,85,94,108,114,126,128,118,78,74,74,80,76,80,88,91,96,104,103,104,90,81,62,62,76,87,99,111,113,124,131,128,94,63,56,57,64,68,75,83,87,91,116,98,58,54,44,50,56,55,62,70,82,95,101,101,70,50,39,40,45,48,56,72,88,106,111,99,72,50,41,45,55
"Albany, OR",Msa,Oregon,All Homes,104,105,106,120,104,101,91,91,96,104,108,116,131,128,122,90,81,78,78,80,90,93,102,117,125,126,118,74,60,60,70,74,84,89,105,114,116,111,80,63,58,60,57,64,74,82,84,84,82,67,51,56,52,55,58,56,62,69,70,80,84,82,52,41,42,40,46,45,48,49,64,66,76,56,36,32,34,34,42
"Williamsport, PA",Msa,Pennsylvania,All Homes,88,84,72,43,42,46,46,56,66,55,52,58,61,61,58,56,55,39,58,69,76,60,62,76,86,91,98,86,54,56,56,60,64,69,83,95,101,96,90,62,58,62,64,65,69,79,76,84,98,90,67,62,58,60,76,80,89,90,87,91,106,108,106,85,57,56,66,78,87,86,92,105,111,112,99,68,63,60,67
"Cleveland, TN",Msa,Tennessee,All Homes,142,140,128,104,83,96,114,126,139,141,136,132,136,129,119,108,97,96,103,107,118,122,112,118,118,120,120,102,94,92,92,97,105,114,126,131,132,130,109,59,54,54,55,65,84,92,93,104,114,109,98,86,77,79,78,84,96,97,88,84,92,86,97,82,86,81,77,77,77,80,85,96,94,94,75,70,66,64,65
"Wooster, OH",Msa,Ohio,All Homes,138,122,113,87,82,85,90,103,117,109,108,105,105,102,87,81,72,62,70,76,84,83,88,98,104,120,113,83,78,72,67,72,80,86,97,106,113,104,88,77,57,62,60,55,58,75,83,88,94,91,82,71,57,66,65,70,65,69,75,86,94,100,72,62,43,42,41,53,52,57,60,61,75,66,60,46,36,43,43
"Morristown, TN",Msa,Tennessee,All Homes,156,157,149,149,122,119,128,132,145,145,146,154,166,163,147,134,102,106,112,114,118,122,130,134,148,154,140,122,102,100,103,110,116,133,140,146,150,148,144,139,78,67,74,88,117,130,132,145,152,146,129,102,93,92,102,116,117,118,122,136,134,132,113,98,88,86,86,97,102,104,114,123,132,127,112,82,78,72,65
"Ogdensburg, NY",Msa,New York,All Homes,96,101,82,92,93,93,96,101,73,69,83,108,138,162,148,102,75,68,64,68,79,87,84,87,102,98,116,86,62,62,74,82,94,104,114,119,137,146,141,85,64,77,83,94,102,117,126,124,138,148,135,111,78,72,86,107,118,133,147,163,171,182,191,181,155,122,118,120,132,146,154,162,173,180,172,150,107,86,76
"Holland, MI",Msa,Michigan,All Homes,182,174,166,156,122,117,110,116,124,130,142,150,159,150,146,122,101,88,90,96,108,112,116,120,128,145,146,99,56,56,67,79,86,98,118,132,139,140,130,78,57,60,68,84,99,110,118,132,139,144,118,77,68,75,78,85,100,100,112,122,132,130,114,69,66,64,70,70,74,78,91,108,126,129,106,71,65,52,59
"Wenatchee, WA",Msa,Washington,All Homes,130,125,71,52,57,70,82,84,90,99,118,133,141,133,112,94,89,87,100,105,114,108,100,112,123,118,116,82,70,77,84,102,115,130,139,156,146,140,123,84,74,80,84,90,102,117,128,149,157,146,123,71,64,68,78,89,101,114,123,129,129,133,141,110,75,70,75,82,92,108,124,134,125,115,97,55,43,57,56
"Lewiston, ME",Msa,Maine,All Homes,138,141,129,100,88,91,102,118,120,117,126,138,112,106,85,88,89,92,102,104,112,118,124,136,155,154,142,125,84,74,78,90,98,106,116,127,148,150,160,141,106,77,77,86,102,116,125,138,146,153,153,122,85,75,86,89,85,87,104,123,144,148,138,85,78,65,70,75,78,74,86,108,122,130,130,123,66,50,42
"Roseburg, OR",Msa,Oregon,All Homes,94,94,92,98,108,96,103,96,100,112,116,124,126,118,112,96,101,90,90,82,96,109,119,128,146,142,110,81,68,70,84,91,96,109,112,116,121,110,99,74,71,78,81,83,83,97,96,103,107,105,98,84,66,68,69,73,77,88,96,113,124,116,138,84,61,67,66,69,73,84,96,111,97,88,80,65,59,62,54
"Cookeville, TN",Msa,Tennessee,All Homes,156,141,139,122,116,110,106,94,78,74,84,103,124,114,119,108,96,90,95,105,110,117,107,118,119,119,136,125,104,82,88,104,110,119,126,130,141,138,135,111,82,69,70,81,88,86,83,90,106,100,85,79,66,68,68,63,67,80,90,105,106,120,135,123,50,46,64,76,92,96,106,108,110,112,113,94,90,83,74
"California-Lexington Park, MD",Msa,Maryland,All Homes,120,113,106,77,70,74,83,88,89,93,98,108,117,103,82,75,78,84,86,79,80,85,97,90,98,95,91,74,67,68,73,78,88,94,99,105,115,113,97,76,70,70,81,90,103,102,108,124,120,116,96,71,65,68,80,86,99,100,102,114,122,116,94,64,57,61,70,76,92,85,75,84,96,90,62,62,51,62,64
"Cumberland, MD",Msa,Maryland,All Homes,150,154,132,106,106,105,114,125,130,134,139,136,153,154,145,140,113,105,92,95,105,113,120,120,125,124,124,109,98,92,98,106,112,113,113,125,129,144,152,132,105,97,110,111,122,132,134,146,155,171,168,140,111,94,107,109,118,120,125,138,154,158,154,151,109,102,104,108,112,119,121,128,140,134,130,115,98,98,98
"Whitewater, WI",Msa,Wisconsin,All Homes,151,145,140,122,71,74,89,116,138,144,152,157,159,149,140,130,109,98,103,104,110,123,134,143,149,150,154,119,102,84,95,101,110,118,128,139,140,136,130,84,75,74,82,89,110,126,136,148,152,136,118,77,74,72,86,97,112,125,134,148,152,139,109,70,63,72,78,90,104,107,114,138,148,126,86,67,69,68,70
"Fond du Lac, WI",Msa,Wisconsin,All Homes,152,136,130,94,85,81,90,98,102,117,122,102,112,128,122,107,71,70,78,89,100,105,108,128,140,138,135,106,92,80,78,87,100,122,124,133,124,124,119,76,76,86,91,100,108,118,126,133,143,140,125,96,84,83,89,97,106,115,118,131,137,137,134,76,58,64,66,76,80,84,89,97,104,106,81,64,63,56,50
"Ashtabula, OH",Msa,Ohio,All Homes,147,138,131,104,93,88,90,95,110,117,130,140,144,142,118,96,92,100,96,100,102,109,117,126,130,132,126,84,82,82,95,90,104,109,110,126,145,152,151,124,74,67,78,89,98,106,111,123,138,146,142,116,85,76,84,92,108,119,124,127,133,134,131,96,88,78,77,71,80,85,94,108,120,125,130,111,73,68,70
"Gettysburg, PA",Msa,Pennsylvania,All Homes,151,132,124,116,99,106,112,120,125,126,120,125,117,112,98,83,79,89,104,109,116,110,111,120,116,124,114,91,76,75,81,87,96,103,104,112,120,128,122,98,86,82,84,90,88,92,82,92,84,64,68,84,76,63,64,74,95,104,107,107,104,106,99,72,67,72,78,83,85,90,90,96,104,110,85,69,67,75,64
"Tullahoma, TN",Msa,Tennessee,All Homes,166,159,150,132,119,124,126,130,131,133,140,139,142,148,140,124,105,106,106,106,113,117,124,130,148,150,148,126,111,99,109,116,122,124,126,137,145,119,106,79,74,71,78,84,90,101,110,119,134,133,119,80,72,76,89,83,81,84,93,100,109,112,104,89,69,70,76,86,87,90,90,94,98,101,92,66,72,68,64
"Adrian, MI",Msa,Michigan,All Homes,121,113,98,90,83,83,91,95,98,98,100,110,113,117,103,86,79,78,85,84,89,91,98,110,120,116,112,82,66,69,74,84,86,90,96,104,116,119,111,81,62,68,76,87,91,99,99,108,122,128,121,86,73,76,79,83,82,89,97,104,116,120,120,84,50,53,63,70,70,76,85,93,104,96,90,74,57,58,64
"Twin Falls, ID",Msa,Idaho,All Homes,126,89,98,93,92,94,94,112,111,117,112,120,139,139,128,90,64,70,85,88,92,90,100,105,110,104,84,70,70,71,75,76,82,93,98,106,102,97,90,90,84,82,79,81,85,90,98,107,96,86,75,65,63,63,69,73,80,86,105,108,108,108,92,64,61,55,57,68,68,74,80,97,111,86,57,48,48,50,50
"Corning, NY",Msa,New York,All Homes,119,123,122,120,104,85,83,88,101,109,112,121,134,126,118,108,95,80,83,86,97,99,107,119,132,148,145,126,94,86,77,86,90,107,118,132,144,151,148,128,110,90,84,70,81,91,115,126,132,132,128,100,86,82,89,90,94,92,106,121,128,138,136,120,86,78,77,71,70,84,98,108,113,115,105,96,84,71,64
"Sebring, FL",Msa,Florida,All Homes,104,115,114,114,110,103,103,108,104,95,90,100,102,99,96,94,103,107,110,112,114,98,87,90,100,98,97,83,88,90,90,88,80,71,72,88,92,96,90,74,79,86,85,83,86,83,76,68,71,68,63,73,84,82,80,81,90,91,100,101,108,92,84,82,62,65,82,91,102,100,98,80,77,78,72,74,83,86,84
"Truckee, CA",Msa,California,All Homes,97,102,104,82,78,56,68,82,88,105,110,108,106,99,80,56,53,49,54,63,76,86,88,90,93,89,64,55,51,54,67,81,82,90,94,100,102,94,74,67,59,54,55,64,70,76,82,96,94,80,58,52,47,54,56,68,78,84,89,100,107,106,78,42,41,46,50,54,64,72,85,89,91,73,62,48,40,42,48
"Fairbanks, AK",Msa,Alaska,All Homes,104,102,41,40,49,56,56,65,68,77,88,101,109,73,53,48,48,51,61,70,86,84,84,92,104,98,72,46,48,50,57,71,78,83,82,90,98,98,52,46,50,54,51,54,63,74,84,90,92,90,55,45,46,42,52,64,68,78,82,84,88,80,56,44,42,44,48,54,64,72,86,91,66,44,40,37,50,50,47
"Mankato, MN",Msa,Minnesota,All Homes,98,97,74,57,57,67,68,74,86,89,98,96,97,94,82,63,56,56,68,82,84,90,98,113,119,122,106,67,58,60,62,70,85,100,110,125,138,117,83,48,49,53,49,37,51,79,94,101,109,100,56,51,51,55,64,70,75,77,86,108,122,110,92,46,41,45,50,56,62,71,85,99,104,96,54,47,50,44,30
"Rome, GA",Msa,Georgia,All Homes,156,144,132,77,80,91,102,109,108,105,108,124,119,121,118,98,97,88,99,86,83,90,104,118,138,144,140,84,77,84,96,98,102,108,117,129,126,118,98,84,94,92,110,106,110,115,122,124,127,126,126,110,107,106,104,98,99,109,116,128,136,134,120,87,78,78,78,77,78,91,96,111,107,103,74,70,56,66,74
"Sunbury, PA",Msa,Pennsylvania,All Homes,72,91,80,72,74,68,80,81,90,83,86,93,112,115,108,84,62,59,60,56,62,75,77,73,61,64,66,75,76,76,75,82,84,89,84,99,112,117,96,66,63,65,71,80,92,94,80,83,95,108,108,94,62,63,76,95,91,90,98,111,110,106,102,94,81,77,82,87,34,36,63,94,113,115,104,89,82,76,70
"Talladega, AL",Msa,Alabama,All Homes,155,138,118,97,100,117,124,117,121,113,105,122,138,140,140,142,132,124,124,122,123,132,130,142,162,162,166,142,107,107,104,110,108,100,98,116,118,127,133,103,103,94,98,107,110,126,143,147,150,141,128,116,120,119,115,112,108,118,123,136,138,153,146,126,114,112,116,119,124,130,136,143,145,142,118,103,85,85,86
"Manhattan, KS",Msa,Kansas,All Homes,82,72,58,42,54,50,48,60,51,57,62,69,82,71,54,53,47,52,50,55,54,58,62,71,83,79,51,42,47,50,50,59,64,64,64,69,74,70,50,42,49,50,53,65,72,78,72,82,90,75,46,49,51,55,56,60,65,72,72,84,94,97,64,55,56,64,58,57,65,68,83,88,94,85,63,55,62,62,64
"Parkersburg, WV",Msa,West Virginia,All Homes,104,106,86,71,78,81,84,82,84,74,92,98,108,103,82,74,58,50,49,66,84,90,88,74,75,84,92,123,108,91,89,92,83,72,79,98,94,91,78,74,29,46,61,76,82,94,102,105,121,124,102,68,46,48,66,76,80,88,96,104,119,123,121,90,78,66,68,71,75,82,88,94,106,117,114,95,76,72,72
"New Philadelphia, OH",Msa,Ohio,All Homes,87,118,136,102,88,79,82,81,90,88,82,88,108,122,101,66,55,60,64,65,77,74,73,82,91,92,80,64,67,76,76,75,87,88,78,76,89,90,74,76,63,66,61,68,61,61,77,93,105,106,81,68,60,58,66,70,72,78,74,81,94,100,90,58,55,60,58,61,76,74,75,90,94,101,83,64,52,49,47
"Elmira, NY",Msa,New York,All Homes,93,95,67,63,68,72,74,75,76,70,72,84,101,111,114,96,84,77,75,80,84,84,90,107,123,125,132,118,96,84,89,98,104,112,120,133,131,139,140,134,104,91,86,78,88,89,102,113,124,124,128,94,91,84,90,96,104,111,112,125,132,136,144,111,68,62,70,72,70,76,90,110,114,103,102,71,71,62,65
"Meadville, PA",Msa,Pennsylvania,All Homes,168,182,174,142,116,104,107,102,104,111,126,138,160,166,172,170,126,106,101,107,116,120,123,131,145,154,152,152,116,94,94,91,100,108,120,138,159,170,180,177,130,98,97,111,113,112,118,123,140,139,141,140,120,112,106,110,116,124,140,158,172,185,188,175,113,71,86,98,110,119,128,146,166,167,172,166,94,66,73
"Beaver Dam, WI",Msa,Wisconsin,All Homes,161,166,156,155,146,120,120,118,122,119,120,137,140,141,148,128,96,82,84,92,100,111,122,132,145,144,139,120,91,84,87,92,101,111,119,139,154,161,154,132,76,77,86,102,118,125,132,132,138,139,120,86,73,72,79,88,92,94,106,123,128,128,115,66,56,61,68,72,76,86,85,104,125,134,122,75,64,61,58
"Corvallis, OR",Msa,Oregon,All Homes,122,124,115,120,106,89,82,78,91,101,106,120,118,102,66,67,61,63,71,71,79,81,93,106,115,122,115,69,46,49,53,59,76,90,111,126,124,103,52,42,48,46,48,48,50,58,64,79,78,65,50,39,36,44,42,50,54,55,62,80,86,70,57,42,34,44,53,54,48,58,76,88,104,55,30,36,41,34,42
"Branson, MO",Msa,Missouri,All Homes,118,118,96,84,84,90,98,103,110,116,124,113,111,108,100,86,88,95,105,116,132,133,140,150,154,156,146,106,85,86,88,83,84,97,110,125,140,134,130,117,105,97,69,85,97,120,148,175,181,176,154,128,108,112,124,131,139,148,155,160,154,154,142,110,103,108,108,114,116,120,128,146,147,150,126,77,62,71,90
"Watertown, WI",Msa,Wisconsin,All Homes,168,175,170,153,99,98,96,110,117,112,121,138,146,142,122,83,82,82,88,89,94,100,115,130,148,152,147,97,80,78,82,89,102,113,125,133,144,145,143,92,67,70,78,90,98,110,106,109,123,126,108,74,70,67,74,78,82,84,96,108,126,131,111,63,52,54,55,63,76,86,93,110,116,116,70,62,61,52,48
"Opelousas, LA",Msa,Louisiana,All Homes,111,93,90,89,93,92,81,84,93,105,108,102,109,114,103,88,75,68,70,64,65,72,87,100,110,116,82,58,66,84,98,103,93,83,87,90,114,113,110,88,62,66,82,81,86,88,96,103,114,122,104,92,82,78,85,86,89,84,62,74,84,107,117,102,111,122,104,104,96,88,86,96,114,126,132,134,118,101,78
"Grants Pass, OR",Msa,Oregon,All Homes,130,127,108,103,115,88,89,80,94,108,116,121,125,96,79,74,63,68,81,84,90,96,99,104,116,119,106,81,70,76,82,92,100,97,98,105,111,110,104,63,61,63,61,63,71,80,92,112,115,115,92,79,65,58,68,76,79,88,83,91,98,103,96,61,48,50,61,70,71,76,82,87,82,80,70,62,55,57,55
"Plattsburgh, NY",Msa,New York,All Homes,141,146,111,79,75,69,79,91,83,84,94,106,137,152,160,144,104,88,90,92,106,111,104,108,124,138,134,130,87,76,73,89,99,111,113,112,128,129,126,100,62,61,70,92,101,112,127,142,141,148,142,104,80,83,90,100,116,128,132,137,139,144,126,94,81,69,70,78,92,98,110,126,141,148,140,114,82,73,71
"Athens, TX",Msa,Texas,All Homes,128,116,104,82,78,86,92,109,118,124,122,127,126,117,103,96,99,100,99,91,100,112,120,128,118,106,99,90,86,76,78,83,107,111,112,125,126,116,107,66,66,79,79,87,90,102,122,137,128,118,104,90,98,110,118,121,133,128,128,128,118,116,113,85,80,85,97,100,108,108,110,122,126,120,114,70,63,70,84
"Hinesville, GA",Msa,Georgia,All Homes,101,105,102,94,104,107,120,119,72,71,82,106,129,137,116,111,114,102,96,98,102,100,91,91,105,104,104,84,96,95,99,105,103,104,110,118,116,118,112,90,87,96,100,71,47,64,90,93,101,99,99,103,101,87,82,72,85,89,104,110,104,97,92,84,85,87,82,74,80,87,94,92,95,92,77,75,77,66,66
"Somerset, PA",Msa,Pennsylvania,All Homes,126,119,124,114,92,80,90,102,106,114,116,118,131,136,140,136,103,98,96,100,102,100,100,112,130,139,153,151,91,74,88,104,114,118,104,106,126,138,144,153,146,106,93,100,110,124,130,146,158,145,148,126,102,92,98,112,122,129,134,135,156,156,162,167,158,130,115,118,127,138,144,160,174,188,190,172,124,101,101
"Stillwater, OK",Msa,Oklahoma,All Homes,170,152,126,77,61,65,64,65,70,82,89,111,107,99,72,66,64,79,80,81,94,104,113,124,115,107,62,52,48,52,55,56,65,81,90,104,91,93,60,44,51,60,61,56,63,64,69,84,100,71,49,47,50,54,61,56,69,82,87,94,96,89,55,46,49,58,62,69,76,90,98,90,86,70,60,62,58,52,52
"Keene, NH",Msa,New Hampshire,All Homes,136,128,130,98,78,80,91,100,112,119,132,136,132,134,120,95,70,67,82,102,113,127,133,133,139,154,130,84,64,56,67,83,100,116,130,144,143,152,149,106,60,61,70,91,111,128,140,154,152,150,72,58,66,75,78,87,102,110,118,130,139,144,135,82,63,62,72,82,95,105,104,118,123,124,116,72,46,52,54
"Centralia, WA",Msa,Washington,All Homes,116,138,129,128,96,89,87,96,100,116,124,134,127,118,112,88,76,76,78,92,100,112,111,118,118,109,96,82,74,84,82,82,86,97,107,118,124,124,110,85,66,70,78,90,97,107,103,102,113,108,75,59,52,50,57,67,81,89,97,110,120,110,82,70,50,48,51,56,60,73,86,99,105,93,72,64,42,50,54
"Wisconsin Rapids-Marshfield, WI",Msa,Wisconsin,All Homes,122,136,134,120,106,110,118,123,126,120,125,121,132,139,119,104,68,64,70,82,88,110,112,129,137,146,150,128,113,105,103,106,109,112,120,134,156,165,164,140,86,86,96,104,117,126,130,132,152,152,150,122,96,86,87,89,92,96,98,114,123,132,127,72,62,58,66,79,78,80,78,94,103,110,85,56,50,48,49
"Palatka, FL",Msa,Florida,All Homes,184,183,166,158,140,129,133,141,131,124,125,132,134,136,140,138,131,129,132,129,128,137,142,143,146,140,128,122,119,121,127,132,118,116,120,131,136,140,126,113,111,117,117,126,127,133,138,129,124,128,124,124,124,128,133,130,130,136,135,149,151,146,132,98,101,103,102,104,118,126,128,130,140,129,120,93,99,104,102
"Seneca, SC",Msa,South Carolina,All Homes,167,165,166,166,169,164,163,166,169,176,180,181,198,184,168,156,134,131,141,154,163,163,165,173,174,168,154,125,113,117,129,138,148,158,158,174,170,168,168,124,94,90,98,122,139,148,160,167,168,150,136,118,107,112,124,131,144,147,152,162,165,157,148,115,107,110,118,126,130,136,139,146,152,142,98,67,48,56,78
"Glenwood Springs, CO",Msa,Colorado,All Homes,180,186,132,131,120,111,120,110,118,133,147,142,146,145,134,128,137,134,134,139,144,148,162,172,179,184,178,155,138,117,111,111,116,131,146,157,162,166,152,110,91,86,83,80,96,112,124,137,146,134,135,140,117,103,99,119,140,141,156,173,182,187,168,132,124,114,110,118,122,136,151,167,181,158,110,82,98,102,99
"Key West, FL",Msa,Florida,All Homes,130,104,116,122,125,138,164,159,162,164,158,151,151,132,139,142,145,150,166,168,169,166,150,140,140,130,138,151,141,142,152,154,166,167,162,151,138,126,121,120,106,112,109,111,138,140,140,125,116,103,104,108,111,120,131,138,143,142,136,122,114,110,116,120,118,134,140,142,158,165,166,143,136,94,96,97,97,110,109
"Aberdeen, WA",Msa,Washington,All Homes,118,126,105,87,75,78,80,91,102,116,127,129,139,138,126,93,93,94,97,103,104,110,110,115,128,133,119,85,76,78,85,97,114,119,125,141,144,140,125,93,82,80,83,89,94,97,102,113,119,121,90,79,65,62,71,77,88,108,123,132,146,140,133,88,61,56,60,62,70,80,101,124,123,101,68,66,63,54,56
"Greenfield Town, MA",Msa,Massachusetts,All Homes,147,158,148,80,64,68,76,91,107,112,122,142,159,164,169,130,78,72,84,93,105,105,108,116,127,139,134,69,50,60,75,90,102,120,124,120,132,140,142,127,66,60,65,82,92,111,124,142,152,166,144,114,81,82,81,93,105,110,120,117,129,146,138,98,62,66,78,84,95,92,102,116,116,126,138,102,49,53,60
"Stevens Point, WI",Msa,Wisconsin,All Homes,156,160,153,130,102,94,91,90,96,106,116,118,131,140,128,91,75,78,87,72,89,94,104,123,132,146,153,137,83,68,70,80,98,119,130,148,164,157,132,83,70,71,74,96,104,110,112,118,128,140,120,69,62,63,62,69,82,84,98,122,140,143,130,48,48,50,56,58,63,78,93,106,106,110,110,61,47,43,45
"Shawnee, OK",Msa,Oklahoma,All Homes,104,103,89,80,84,84,89,90,64,60,78,104,125,128,114,84,85,89,88,74,77,82,89,97,102,104,86,76,70,80,88,83,84,80,90,91,102,104,80,70,70,71,67,62,64,74,79,80,87,87,82,58,56,64,66,70,76,80,89,91,99,90,83,70,60,69,74,72,67,74,79,94,107,102,84,70,64,69,75
"Klamath Falls, OR",Msa,Oregon,All Homes,128,118,113,98,113,90,94,96,103,116,118,120,135,139,120,92,75,78,78,81,85,99,115,121,139,131,116,81,73,77,77,79,84,98,119,132,138,138,103,68,64,61,68,85,98,100,108,124,133,126,110,76,68,48,58,73,90,96,96,98,100,104,107,88,65,60,68,76,77,84,90,95,99,85,62,68,62,60,62
"Marshall, TX",Msa,Texas,All Homes,98,89,78,66,88,75,74,68,85,84,90,104,112,102,89,84,70,63,69,78,90,97,104,113,116,100,94,83,78,76,78,91,97,109,113,120,118,115,92,77,79,83,78,75,76,77,76,86,91,98,88,73,65,64,71,82,98,98,103,98,94,82,76,87,86,79,90,96,106,105,106,122,135,141,136,98,85,84,90
"Farmington, MO",Msa,Missouri,All Homes,128,116,76,59,63,83,84,86,82,84,82,92,112,112,106,86,85,84,92,100,105,112,116,119,131,135,132,106,91,82,84,86,96,100,108,120,120,133,141,108,68,76,88,100,113,108,101,103,112,116,112,81,68,68,76,90,101,97,93,99,108,105,93,77,82,74,70,75,82,87,90,96,103,106,72,68,74,74,79
"Athens, OH",Msa,Ohio,All Homes,142,158,129,93,70,52,71,98,122,146,166,194,162,138,99,94,95,80,86,84,96,111,114,124,144,149,148,117,86,77,92,104,118,122,138,148,173,170,161,96,79,83,92,108,109,111,116,138,139,135,70,84,85,92,112,106,115,114,112,106,113,116,117,84,68,72,78,92,90,96,106,127,125,132,98,72,62,58,67
"Clearlake, CA",Msa,California,All Homes,93,76,68,67,71,68,72,75,82,78,88,96,96,68,54,57,64,72,76,82,85,82,86,88,96,72,67,66,66,68,72,75,87,99,108,123,117,102,65,57,56,57,59,68,76,92,88,90,82,83,69,57,52,60,68,75,82,90,96,106,112,106,89,68,54,52,60,70,79,91,98,109,104,98,88,64,65,66,53
"Hutchinson, KS",Msa,Kansas,All Homes,95,91,66,61,57,58,69,76,74,74,76,78,90,84,71,39,56,53,55,67,74,83,85,93,91,104,84,71,56,56,61,66,70,78,87,101,109,115,89,61,55,50,56,56,54,66,75,80,86,87,52,56,54,56,62,76,84,82,94,95,88,80,71,66,56,58,64,71,78,83,84,87,90,84,73,60,62,63,71
"Faribault, MN",Msa,Minnesota,All Homes,148,134,136,88,98,90,84,92,90,87,73,53,86,82,106,103,83,65,54,70,77,80,82,90,109,126,122,71,60,70,80,76,64,46,50,78,110,113,84,50,52,60,62,66,71,84,89,104,126,126,71,56,64,57,56,64,74,82,89,118,117,128,90,50,51,54,62,68,78,84,84,109,95,84,54,46,42,43,14
"Ionia, MI",Msa,Michigan,All Homes,135,134,130,106,101,102,113,111,110,115,117,124,122,120,108,91,76,77,84,86,96,98,110,110,120,128,130,96,70,66,69,79,88,85,95,103,124,134,132,91,62,64,73,76,90,98,94,104,113,104,84,64,55,60,71,75,80,78,85,99,108,117,72,74,71,64,64,62,69,69,74,76,91,92,81,67,42,35,36
"Coos Bay, OR",Msa,Oregon,All Homes,154,157,126,117,112,96,107,101,120,133,128,130,132,129,106,102,97,98,96,108,112,110,116,128,134,127,122,97,88,84,86,97,98,114,128,137,143,146,136,96,74,86,91,98,105,122,130,136,139,127,113,91,84,82,85,92,104,116,128,135,139,133,130,93,78,72,81,81,84,87,98,110,110,99,89,86,65,54,54
"Oneonta, NY",Msa,New York,All Homes,149,146,137,133,91,93,98,103,114,120,134,147,152,160,157,141,101,91,96,102,105,112,117,128,147,154,157,120,101,92,92,89,99,110,124,141,165,175,179,176,151,108,96,108,119,138,154,175,195,196,175,144,114,107,118,124,129,144,156,156,168,175,184,168,111,102,104,112,125,130,148,163,179,184,187,191,130,100,80
"Baraboo, WI",Msa,Wisconsin,All Homes,158,161,152,140,98,103,109,116,129,135,137,142,154,154,142,128,104,100,99,91,94,99,108,130,155,156,156,124,98,98,102,106,114,119,120,137,152,163,151,78,81,84,104,127,132,142,148,162,150,154,135,77,71,75,86,90,101,107,120,138,148,150,136,92,77,74,81,85,95,104,113,127,124,104,52,54,60,66,69
"Salina, KS",Msa,Kansas,All Homes,86,81,83,61,56,62,68,67,70,82,88,87,78,77,65,52,53,59,56,59,68,61,74,84,97,89,60,43,52,62,64,75,78,75,75,87,90,83,64,49,55,58,54,40,39,52,78,85,68,66,51,43,44,52,55,57,65,72,68,74,87,94,81,70,55,55,53,56,62,65,64,65,76,66,65,48,44,48,54
"Rutland, VT",Msa,Vermont,All Homes,130,124,124,118,108,112,111,120,118,119,130,125,134,154,160,151,138,114,104,106,117,132,142,151,160,166,141,116,92,100,98,106,118,128,144,160,173,172,165,151,110,105,106,112,126,135,141,151,168,168,167,162,156,119,119,114,125,133,142,160,176,182,186,195,148,126,122,117,127,135,139,145,159,159,154,144,125,96,71
"Albemarle, NC",Msa,North Carolina,All Homes,150,122,119,104,102,90,106,122,136,146,167,154,110,89,94,98,96,107,106,120,137,132,128,148,148,144,144,136,117,123,109,103,118,125,132,148,152,158,162,142,89,48,67,84,95,101,101,110,128,84,61,76,89,87,95,103,114,106,110,102,96,84,85,80,85,86,86,90,92,90,98,104,107,112,74,60,58,70,69
"Jefferson, GA",Msa,Georgia,All Homes,124,116,94,68,71,76,86,82,84,84,92,98,106,98,76,72,83,89,77,69,76,83,91,95,99,96,70,63,60,62,68,75,84,84,84,88,96,91,59,59,60,68,71,78,78,87,94,103,106,109,76,64,56,59,66,77,78,81,85,87,89,95,90,66,58,64,67,72,80,78,84,92,92,86,80,70,68,64,34
"Laconia, NH",Msa,New Hampshire,All Homes,158,151,144,97,82,85,99,116,126,145,153,154,147,150,140,107,89,91,95,102,114,120,125,135,147,136,96,69,70,68,76,89,106,119,132,144,142,140,131,93,70,70,78,95,112,130,136,144,146,145,120,86,74,81,88,92,105,105,114,134,132,139,150,96,64,62,68,76,82,88,110,124,132,124,83,54,48,55,62
"Barre, VT",Msa,Vermont,All Homes,111,124,131,142,117,88,89,105,120,127,138,134,139,148,125,121,105,94,87,90,100,115,132,132,142,146,94,82,82,78,74,81,94,113,125,137,152,144,140,125,92,86,89,100,118,130,146,154,157,166,167,158,128,98,96,96,116,124,134,143,158,171,174,180,104,77,82,90,104,117,126,138,147,150,146,146,112,86,77
"Kinston, NC",Msa,North Carolina,All Homes,167,157,161,156,138,141,131,125,114,109,112,117,132,139,142,138,121,126,112,112,115,108,114,134,151,149,151,156,128,131,108,108,113,110,120,127,134,134,142,134,119,106,96,99,103,122,135,142,148,151,149,142,119,127,116,120,143,159,155,169,174,187,184,148,133,130,118,121,126,135,138,147,162,162,171,150,160,146,92
"Dublin, GA",Msa,Georgia,All Homes,124,134,126,93,98,110,114,125,124,101,98,107,117,106,105,81,96,85,91,84,96,90,91,98,99,108,81,74,79,88,98,108,100,90,86,100,110,128,119,83,76,80,69,74,90,98,93,92,104,104,92,88,91,108,104,100,82,84,86,102,106,108,111,112,104,91,83,89,98,100,98,98,100,99,88,68,71,78,79
"Fairmont, WV",Msa,West Virginia,All Homes,119,102,85,90,80,71,72,90,98,102,102,107,125,129,127,110,86,91,85,84,88,88,94,94,107,135,144,141,72,65,71,76,76,86,93,108,111,128,130,86,71,71,66,64,73,82,87,99,110,111,101,84,76,74,66,57,68,80,83,96,105,108,112,85,69,68,70,71,72,76,83,108,117,123,96,76,72,61,57
"Gloversville, NY",Msa,New York,All Homes,106,131,136,138,100,99,104,116,131,142,147,158,172,174,165,137,101,96,105,113,130,136,142,142,145,146,156,128,88,88,96,106,114,113,123,135,143,158,167,127,92,76,83,94,113,126,135,143,157,151,158,149,104,91,92,107,119,124,139,146,148,143,138,126,86,84,83,92,97,106,120,132,146,149,136,114,77,66,58
"Calhoun, GA",Msa,Georgia,All Homes,82,103,110,89,80,76,80,89,98,106,91,85,84,88,77,68,77,81,70,74,76,83,89,84,87,83,80,82,83,76,74,72,80,81,85,82,93,102,94,85,79,80,82,82,84,92,90,96,97,94,75,69,70,69,73,77,84,81,82,86,84,85,104,92,92,98,104,118,116,108,94,106,97,91,94,86,83,89,90
"Galesburg, IL",Msa,Illinois,All Homes,116,116,91,76,70,69,70,71,63,60,66,86,98,80,76,77,75,71,67,73,76,90,90,103,120,126,134,111,72,67,76,80,85,85,84,87,111,118,111,70,63,56,63,70,80,70,76,84,102,104,93,80,76,73,73,77,91,104,108,127,125,132,120,71,68,70,83,79,90,90,91,92,104,118,116,86,71,67,70
"Warrensburg, MO",Msa,Missouri,All Homes,115,117,105,90,83,90,90,94,96,100,102,110,112,119,114,93,85,85,95,101,106,116,120,128,132,136,124,97,86,68,60,76,90,103,111,119,116,111,112,69,58,68,82,84,96,102,108,120,113,110,72,66,66,76,77,75,72,81,96,102,116,106,68,63,71,73,71,64,62,64,71,75,88,78,66,32,46,44,48
"Mason City, IA",Msa,Iowa,All Homes,174,180,153,125,104,100,107,118,124,128,138,150,165,167,159,130,84,76,86,90,94,105,121,132,144,152,152,133,83,78,85,106,117,132,137,147,153,155,126,70,60,60,64,70,75,74,76,95,120,132,106,69,43,56,68,67,73,76,76,74,91,93,105,104,85,77,76,58,66,74,96,120,121,126,106,78,65,58,60
"Durango, CO",Msa,Colorado,All Homes,144,138,126,118,77,71,77,97,110,126,133,143,152,154,142,85,70,74,66,74,90,116,128,134,110,113,96,95,78,74,83,92,107,118,124,140,151,130,120,77,70,62,70,85,100,120,136,152,156,154,147,114,86,80,87,97,118,125,133,154,161,167,147,94,76,76,78,90,101,116,138,153,149,155,145,111,78,75,82
"Platteville, WI",Msa,Wisconsin,All Homes,138,153,154,120,95,90,98,104,92,92,104,116,132,142,126,86,84,92,96,100,94,90,112,129,132,138,132,105,96,85,78,83,100,107,109,123,134,139,133,61,64,77,92,88,96,126,136,140,156,156,90,86,76,90,93,91,92,90,97,121,138,153,145,86,70,65,70,81,89,85,84,102,117,114,76,60,44,58,60
"Bartlesville, OK",Msa,Oklahoma,All Homes,118,107,82,72,66,69,63,82,84,95,86,81,76,73,70,72,64,68,68,60,69,71,68,76,91,85,70,40,47,52,62,70,78,84,92,96,104,106,89,63,62,69,71,67,68,77,86,96,106,104,72,63,61,70,71,77,86,92,102,107,105,98,99,79,70,66,69,76,84,96,110,107,110,104,81,68,68,66,76
"Ozark, AL",Msa,Alabama,All Homes,104,91,81,84,91,82,78,81,69,75,82,105,121,116,94,80,76,70,81,90,86,86,94,98,111,105,115,107,106,112,98,78,82,89,92,102,110,102,90,84,100,97,108,101,106,112,106,107,101,104,99,87,80,88,91,94,101,108,117,104,99,100,100,104,82,85,96,104,111,109,106,100,108,98,98,67,64,72,84
"Paris, TX",Msa,Texas,All Homes,130,119,104,88,85,96,94,102,117,112,107,114,113,122,114,107,92,91,76,82,84,104,110,121,135,132,126,87,86,88,99,100,112,104,89,90,108,110,111,90,88,94,92,72,68,72,84,97,113,112,90,75,69,64,56,58,72,82,84,86,89,100,100,88,61,48,66,71,70,70,66,64,77,76,72,71,58,62,50
"Kerrville, TX",Msa,Texas,All Homes,130,126,114,96,104,75,81,90,98,122,126,134,138,128,128,104,113,131,139,144,162,186,212,221,214,184,179,175,165,139,137,135,138,152,154,161,160,149,144,90,90,92,106,112,109,117,134,148,147,136,131,96,102,110,110,115,120,133,122,119,118,107,105,89,84,83,94,106,118,132,132,134,140,124,114,88,84,81,81
"Bogalusa, LA",Msa,Louisiana,All Homes,84,96,96,65,66,76,82,94,90,79,88,70,82,77,78,68,60,71,86,108,109,92,111,133,152,111,86,78,60,63,75,78,84,84,96,93,80,65,71,83,97,110,105,113,111,122,124,144,147,111,104,90,86,86,101,82,76,82,99,110,112,103,77,88,93,120,116,117,124,118,132,143,134,152,146,145,110,88,84
"Tahlequah, OK",Msa,Oklahoma,All Homes,136,135,111,102,91,100,102,106,119,110,112,128,111,114,104,96,107,106,108,124,132,131,126,124,133,128,108,81,78,93,101,111,116,118,132,138,150,140,125,91,53,81,102,114,127,125,128,141,146,138,124,98,90,97,103,106,118,128,127,128,130,123,121,88,86,84,89,92,100,108,119,122,129,128,133,101,99,96,88
"Red Wing, MN",Msa,Minnesota,All Homes,124,126,130,114,98,103,114,108,108,97,96,94,111,107,95,62,68,67,70,74,79,82,88,95,105,100,104,69,63,64,69,76,86,81,80,94,110,132,118,71,64,67,68,64,64,74,80,96,116,130,115,50,54,52,61,76,77,91,92,121,135,118,88,60,58,64,61,64,67,60,71,78,84,70,65,61,49,48,56
"Newport, OR",Msa,Oregon,All Homes,131,126,131,134,96,102,102,112,140,150,160,166,172,158,134,110,100,98,104,110,120,134,146,154,158,167,154,118,86,90,105,122,134,151,161,174,163,148,124,95,70,72,89,113,127,142,152,165,175,166,132,93,84,88,98,108,121,134,147,160,160,160,140,96,86,84,89,98,109,119,128,139,142,145,118,76,68,72,83
"McAlester, OK",Msa,Oklahoma,All Homes,104,111,109,98,90,66,86,77,64,82,84,107,118,112,89,81,78,78,90,94,98,98,104,112,121,136,130,107,92,89,102,106,120,126,133,143,148,130,121,92,98,96,109,108,106,101,112,118,99,101,90,84,93,96,98,98,106,108,113,118,131,130,126,93,96,98,99,104,94,96,113,119,131,131,126,107,100,88,93
"Blackfoot, ID",Msa,Idaho,All Homes,131,132,120,80,72,76,84,95,102,97,99,110,108,116,117,80,75,85,104,107,118,116,98,96,106,104,124,97,88,85,93,95,102,91,95,120,131,138,122,70,64,69,70,69,90,102,112,124,120,115,77,71,58,64,69,72,84,92,111,118,110,113,100,50,43,45,46,49,56,62,77,89,90,76,55,48,36,43,40
"Shelbyville, TN",Msa,Tennessee,All Homes,165,153,137,119,104,110,117,118,127,137,156,165,166,166,159,155,128,128,133,118,128,132,136,130,131,147,144,136,98,75,82,94,108,133,137,137,138,124,102,98,99,74,70,72,84,76,79,76,93,103,46,46,49,72,76,68,67,65,82,98,120,116,72,48,59,80,68,54,62,59,70,76,89,92,83,70,61,62,64
"Mount Sterling, KY",Msa,Kentucky,All Homes,133,136,124,98,95,112,120,125,136,136,141,136,143,142,132,142,126,122,110,102,110,119,131,140,147,154,152,132,106,77,82,89,108,111,110,118,128,134,126,102,88,99,88,97,104,125,132,138,146,154,132,89,78,89,92,90,88,104,114,107,102,98,92,89,95,87,98,80,81,78,90,104,117,101,84,65,54,54,72
"Ottumwa, IA",Msa,Iowa,All Homes,136,145,136,132,118,86,89,76,77,83,91,102,112,109,116,103,78,68,76,72,81,81,85,92,118,126,138,128,92,84,79,82,54,64,76,98,115,107,98,67,74,51,59,69,52,55,66,93,114,118,96,70,59,72,79,71,76,86,89,90,103,105,104,64,65,74,83,83,78,78,83,88,103,88,62,60,68,72,64
"Cornelia, GA",Msa,Georgia,All Homes,105,110,88,74,73,86,96,105,116,123,103,100,95,106,126,102,99,96,110,105,114,103,107,119,122,126,126,100,87,90,100,104,96,94,104,118,120,130,112,62,64,82,98,104,104,104,110,124,136,138,112,81,61,72,84,94,98,104,127,144,145,144,133,91,103,109,115,118,122,132,128,129,120,112,108,87,84,84,90
"Paragould, AR",Msa,Arkansas,All Homes,123,132,110,79,82,65,68,75,66,66,78,96,110,126,118,102,95,89,90,80,74,77,77,83,100,106,114,84,74,62,67,77,84,82,76,85,96,97,97,92,88,75,74,70,64,65,68,72,80,93,72,72,73,85,90,90,96,72,72,78,94,95,77,71,61,62,70,64,68,68,86,112,110,97,87,74,83,72,68
"Lawrenceburg, TN",Msa,Tennessee,All Homes,141,125,118,99,97,94,96,102,100,104,108,114,138,130,118,100,102,112,96,96,94,98,98,112,124,131,124,75,78,82,92,76,56,62,94,112,110,94,79,91,91,68,70,78,90,88,87,102,105,99,84,85,82,91,91,88,96,96,94,106,122,116,86,82,68,56,59,55,60,68,56,68,79,76,70,76,67,72,53
"El Campo, TX",Msa,Texas,All Homes,153,160,154,158,105,94,104,103,96,102,106,112,141,144,144,142,110,99,82,78,76,82,87,96,112,123,126,69,66,77,98,106,98,84,91,108,116,114,102,50,54,80,84,71,66,87,95,117,128,126,113,84,91,110,119,121,124,114,111,118,112,120,124,108,88,85,82,87,100,110,128,116,114,122,113,106,93,94,103
"Sandpoint, ID",Msa,Idaho,All Homes,100,104,122,128,110,97,91,101,107,110,126,134,140,126,106,96,89,76,74,82,90,95,109,122,126,126,131,104,82,76,84,96,114,137,150,161,160,154,131,76,61,74,82,98,108,124,138,144,148,152,125,75,58,56,73,88,109,122,142,162,166,175,161,96,63,56,60,71,91,113,124,126,124,101,84,69,58,59,60
"Garden City, KS",Msa,Kansas,All Homes,109,119,117,54,56,54,63,62,74,84,90,90,88,104,98,103,63,60,47,51,67,71,72,84,91,89,66,76,72,76,64,62,62,54,62,74,84,76,70,51,41,43,40,56,50,56,61,78,100,104,100,56,53,59,65,66,82,78,86,96,108,105,86,71,71,73,82,63,70,90,107,98,88,64,64,72,70,68,70
"West Plains, MO",Msa,Missouri,All Homes,128,124,110,88,102,116,118,128,138,138,150,116,112,102,106,100,90,91,96,116,130,126,118,130,138,146,158,158,144,109,96,81,74,84,94,124,132,139,140,152,124,120,77,86,89,120,138,150,149,134,149,154,140,140,149,141,139,138,138,146,158,159,152,162,156,136,132,130,136,130,141,154,167,171,172,167,147,94,78
"Tifton, GA",Msa,Georgia,All Homes,118,121,118,84,92,83,79,75,73,78,84,88,90,84,80,79,81,74,82,80,94,92,95,102,110,119,119,119,102,88,83,82,84,91,106,119,116,105,102,83,88,88,104,113,105,99,102,114,131,114,78,75,81,91,91,86,70,85,98,108,97,90,96,96,98,88,81,84,94,104,102,106,98,88,77,80,79,84,87
"Union City, TN",Msa,Tennessee,All Homes,102,133,130,118,111,121,122,109,105,110,116,127,144,152,160,154,122,118,111,111,106,108,116,125,136,148,151,131,119,119,122,130,137,142,146,148,164,167,166,162,107,115,110,114,120,118,130,149,163,160,172,148,130,144,150,134,120,105,121,147,157,154,158,145,124,127,114,132,133,129,128,130,149,157,160,122,100,89,91
"Gainesville, TX",Msa,Texas,All Homes,147,127,128,106,97,88,96,102,98,96,106,110,129,118,105,81,82,84,91,108,118,114,102,119,132,124,117,73,76,80,85,84,96,105,119,132,124,90,62,76,78,84,84,82,77,83,98,103,104,92,81,72,81,82,80,98,114,106,129,143,131,110,92,73,78,77,77,82,81,91,106,110,92,80,64,42,44,50,59
"Ada, OK",Msa,Oklahoma,All Homes,101,103,100,88,88,75,83,76,75,82,97,102,98,87,86,87,83,80,74,74,70,75,80,93,101,103,108,92,88,88,86,85,85,92,98,111,110,118,114,98,70,61,78,87,78,82,90,104,122,102,79,71,72,70,70,72,82,84,90,90,94,94,65,66,72,74,76,79,91,98,104,112,96,98,86,74,76,74,70
"Bennington, VT",Msa,Vermont,All Homes,154,142,145,150,152,114,100,104,114,128,136,145,152,160,162,170,147,116,92,93,112,125,137,150,161,170,165,153,86,80,74,100,115,134,150,163,183,178,164,165,127,116,114,116,131,140,153,167,181,185,196,197,171,140,124,129,140,146,157,181,201,206,208,208,209,172,155,145,146,144,166,178,194,200,191,199,157,124,90
"Coshocton, OH",Msa,Ohio,All Homes,131,121,92,86,84,78,75,95,104,124,133,148,147,139,94,79,72,76,83,78,78,85,88,99,98,110,96,60,66,80,85,94,96,100,104,108,109,108,94,72,53,38,41,49,60,84,96,109,89,68,62,66,64,66,70,77,84,78,83,92,105,118,106,85,69,67,78,82,77,81,80,106,114,114,125,75,43,54,54
"Alexandria, MN",Msa,Minnesota,All Homes,174,186,123,66,68,82,96,105,121,132,134,148,160,152,141,120,96,76,80,87,102,109,123,137,144,145,139,76,59,64,74,96,114,96,112,106,118,120,94,55,56,72,86,102,112,131,148,156,167,172,97,48,67,79,88,96,99,104,104,117,136,144,120,50,55,64,76,91,104,111,118,133,141,133,148,80,54,52,53
"Lebanon, MO",Msa,Missouri,All Homes,137,144,122,82,69,78,90,98,95,99,90,82,77,92,101,96,108,91,92,82,88,94,109,126,143,134,99,84,84,81,84,92,108,129,136,150,162,160,166,106,86,88,97,110,111,117,109,118,118,115,113,92,97,99,103,100,104,117,113,130,130,120,112,96,88,88,88,94,104,93,113,115,114,119,106,88,90,68,73
"Coffeyville, KS",Msa,Kansas,All Homes,130,132,120,101,92,85,84,90,102,112,121,132,128,124,124,104,109,100,109,112,112,112,116,122,139,150,148,134,108,111,120,102,99,92,92,99,120,125,137,126,91,81,93,92,62,70,86,114,146,153,131,98,88,90,98,112,118,121,127,128,132,122,110,82,98,100,102,113,113,116,121,128,131,144,143,132,124,111,106
"Junction City, KS",Msa,Kansas,All Homes,110,88,68,80,76,74,78,89,98,106,108,112,110,105,99,92,89,96,92,93,100,106,110,110,117,117,104,70,66,67,74,73,79,78,84,97,106,105,81,55,62,70,84,108,74,69,68,75,92,96,71,64,68,77,86,86,84,88,92,99,100,97,90,80,86,96,93,85,81,84,99,106,119,126,122,98,78,80,87
"Cambridge, MD",Msa,Maryland,All Homes,115,127,135,138,134,122,136,148,140,147,148,142,152,157,140,123,106,116,109,102,97,101,112,121,133,136,106,74,68,91,104,118,135,130,134,137,132,134,137,118,122,122,126,126,140,148,150,135,138,135,132,142,146,118,110,126,144,146,149,169,175,179,179,180,123,105,102,110,124,126,135,153,152,150,146,136,84,96,98
"Vernal, UT",Msa,Utah,All Homes,72,75,62,64,64,56,54,40,46,64,62,72,88,96,56,42,53,58,61,60,68,68,68,69,76,53,53,52,50,66,76,71,61,56,64,69,69,61,60,68,69,67,65,70,67,70,83,71,78,89,62,62,55,70,88,98,106,104,98,94,110,112,119,98,69,70,44,54,64,68,76,97,70,38,62,80,84,76,66
"Mount Pleasant, TX",Msa,Texas,All Homes,142,114,116,110,116,118,111,94,100,107,125,130,131,138,130,124,98,85,93,101,104,103,88,94,108,103,104,82,57,65,70,82,89,104,110,119,111,93,90,85,90,106,87,90,77,94,96,91,100,102,84,75,58,66,85,89,81,97,99,99,91,96,75,79,80,92,97,105,128,130,129,130,132,117,105,81,86,86,42
"Dayton, TN",Msa,Tennessee,All Homes,191,192,180,182,154,145,138,151,160,160,164,171,158,124,89,84,93,101,126,132,144,137,112,120,141,137,149,155,144,128,124,119,124,125,140,144,153,156,120,84,70,78,89,99,102,111,116,127,122,114,124,94,89,87,92,84,108,125,134,132,140,130,132,144,83,122,116,106,111,122,119,140,159,160,170,164,108,126,101
"Camden, AR",Msa,Arkansas,All Homes,103,103,96,84,90,93,87,98,96,98,86,93,106,109,115,48,50,72,74,75,68,76,88,98,104,112,114,91,72,84,91,108,110,100,110,118,120,114,98,99,110,116,118,124,116,116,117,123,134,134,153,152,144,116,86,88,88,81,98,108,121,111,113,87,94,89,101,104,110,117,130,143,144,130,104,94,92,97,105
"Lewisburg, TN",Msa,Tennessee,All Homes,152,144,144,130,113,116,121,118,122,128,127,127,129,132,134,123,112,100,90,86,93,102,100,122,118,130,136,96,87,68,75,80,86,91,98,116,112,110,92,84,62,56,60,67,74,84,97,118,123,110,58,60,58,63,72,48,51,66,54,63,68,72,66,49,36,46,65,60,36,47,59,78,70,37,50,53,57,62,51
"Silver City, NM",Msa,New Mexico,All Homes,124,128,120,86,93,86,93,89,90,80,89,84,86,67,93,82,92,96,88,80,86,97,110,119,134,124,116,92,71,75,87,104,116,105,95,112,124,117,122,107,98,104,91,91,99,108,115,146,142,66,64,78,100,112,110,114,132,134,133,146,155,122,117,116,106,70,76,82,114,142,162,176,167,166,133,108,106,108,129
"Washington Court House, OH",Msa,Ohio,All Homes,110,96,97,71,62,69,78,76,72,76,86,90,99,96,66,62,68,70,61,64,73,66,66,82,96,100,106,91,80,71,74,69,67,66,84,90,88,106,75,64,54,44,50,60,64,64,60,64,82,74,70,58,34,48,68,50,54,55,62,70,66,60,87,86,39,38,48,42,42,42,58,70,78,30,40,30,40,54,62
"Fort Morgan, CO",Msa,Colorado,All Homes,138,120,95,70,76,89,95,97,91,75,83,81,96,82,74,70,62,56,54,70,83,94,89,97,92,106,62,54,62,67,66,74,70,74,74,89,96,104,84,48,42,68,58,48,54,58,60,69,79,86,57,39,39,37,40,48,49,54,67,79,76,75,49,52,54,50,47,42,64,84,56,49,69,79,88,88,75,65,14
"Moberly, MO",Msa,Missouri,All Homes,145,155,150,74,56,82,96,97,116,110,110,88,99,80,80,84,103,88,84,70,70,82,114,124,119,132,132,110,116,98,100,98,106,91,98,130,129,124,122,77,55,56,56,68,98,106,99,109,108,103,88,72,68,82,91,108,123,126,118,113,117,124,133,143,90,80,62,74,76,70,81,85,86,78,73,70,56,61,48
"Heber, UT",Msa,Utah,All Homes,109,86,64,71,75,76,83,94,94,88,85,97,89,63,62,51,44,56,62,80,94,112,122,119,127,106,99,80,76,58,54,74,92,104,118,111,82,73,78,62,62,67,56,68,84,101,102,118,117,108,68,68,75,71,76,77,84,86,90,108,113,122,123,99,82,60,59,72,75,78,83,103,117,112,68,63,66,66,72
"Sterling, CO",Msa,Colorado,All Homes,125,140,139,88,96,97,64,60,74,64,77,100,99,106,79,62,59,70,77,84,68,71,80,94,103,108,69,47,55,62,62,64,62,64,84,91,82,104,68,55,56,38,33,43,51,48,57,67,77,67,58,79,64,46,42,42,42,46,65,80,96,74,60,55,41,42,40,43,46,46,58,68,77,36,38,47,40,40,50
"Brookings, OR",Msa,Oregon,All Homes,165,157,162,153,142,128,122,124,132,146,143,143,118,110,108,97,102,100,110,110,116,130,133,151,167,178,155,130,106,106,109,122,141,146,156,176,196,200,185,96,69,66,82,95,112,128,132,150,159,159,153,134,110,104,108,120,124,140,150,168,170,180,187,156,121,99,98,110,124,130,136,151,169,180,171,158,120,111,101
"Prineville, OR",Msa,Oregon,All Homes,142,133,140,137,98,92,102,105,116,129,134,137,147,146,120,105,84,86,92,98,102,98,108,118,125,140,134,105,75,69,74,80,96,106,121,131,138,144,127,93,49,52,65,96,112,120,136,155,152,155,104,68,72,68,64,70,72,86,103,123,124,135,131,50,54,57,68,75,76,78,92,108,126,83,56,56,48,58,65
"Fitzgerald, GA",Msa,Georgia,All Homes,150,159,144,87,84,99,96,82,74,78,83,109,126,118,134,138,105,110,103,106,100,108,82,86,101,123,137,137,119,127,126,106,114,132,138,137,134,126,130,100,104,106,104,118,146,151,166,166,176,161,170,126,113,119,114,103,91,106,131,161,178,180,204,146,80,72,89,92,104,134,137,135,128,108,96,78,99,118,96
"Huron, SD",Msa,South Dakota,All Homes,118,111,106,58,61,64,65,83,86,80,80,88,102,104,95,96,93,76,69,77,84,91,90,86,96,98,106,130,76,66,74,76,76,78,98,119,148,160,161,82,98,87,103,100,95,76,60,56,72,97,110,114,33,50,76,81,60,78,76,108,100,84,66,74,34,52,67,90,90,90,100,95,118,138,110,92,64,63,63
